"","id","fid","h","a","date","league_id","season","h_goals","a_goals","team_h","team_a","h_xg","a_xg","h_w","h_d","h_l","league","h_shot","a_shot","h_shotOnTarget","a_shotOnTarget","h_deep","a_deep","a_ppda","h_ppda"
"1","13977","1463920","176","168","2020-08-21 17:00:00","5","2020","0","0","Bordeaux","Nantes","0.600075","0.187821","0.474","0.4393","0.0867","Ligue 1","5","6","1","1","0","2","13.0000","24.4615"
"1","13978","1463921","181","167","2020-08-22 15:00:00","5","2020","0","1","Dijon","Angers","0.739709","2.02214","0.0751","0.1964","0.7285","Ligue 1","9","12","1","4","5","6","24.1250","22.0000"
"1","13979","1463922","160","163","2020-08-22 19:00:00","5","2020","1","1","Lille","Rennes","0.400974","1.29518","0.0851","0.2804","0.6345","Ligue 1","5","16","1","3","1","6","23.0714","16.5000"
"1","13982","1463925","171","177","2020-08-23 11:00:00","5","2020","2","2","Monaco","Reims","2.67622","1.83257","0.5783","0.203","0.2187","Ligue 1","22","9","5","3","14","3","21.1905","3.7879"
"1","13980","1463923","179","225","2020-08-23 13:00:00","5","2020","3","1","Lorient","Strasbourg","3.07214","0.326826","0.9619","0.0328","0.0053","Ligue 1","10","7","7","1","2","4","17.4000","7.1714"
"1","13985","1463928","235","241","2020-08-23 13:00:00","5","2020","4","0","Nimes","Brest","2.14597","0.468011","0.8069","0.1437","0.0494","Ligue 1","12","10","5","3","7","4","6.0667","8.2069"
"1","13984","1463927","170","210","2020-08-23 15:00:00","5","2020","2","1","Nice","Lens","0.180464","3.03614","0.0009","0.0176","0.9815","Ligue 1","4","17","2","4","3","5","12.4138","7.2667"
"1","13990","1463933","178","181","2020-08-28 19:00:00","5","2020","4","1","Lyon","Dijon","3.97148","0.215658","0.9895","0.0093","0.0012","Ligue 1","27","6","12","2","15","0","28.6000","6.0000"
"1","13994","1463937","163","166","2020-08-29 15:00:00","5","2020","2","1","Rennes","Montpellier","1.78715","0.491784","0.7173","0.199","0.0837","Ligue 1","16","11","7","3","7","2","13.2667","5.1071"
"1","13996","1463939","225","170","2020-08-29 19:00:00","5","2020","0","2","Strasbourg","Nice","0.227899","1.20894","0.037","0.2202","0.7428","Ligue 1","6","3","0","2","4","1","12.7619","16.2800"
"1","13993","1463936","177","160","2020-08-30 11:00:00","5","2020","0","1","Reims","Lille","0.206627","0.906784","0.0757","0.3671","0.5572","Ligue 1","4","10","0","3","0","0","16.3913","10.8125"
"1","13987","1463930","167","176","2020-08-30 13:00:00","5","2020","0","2","Angers","Bordeaux","0.511549","2.28529","0.0387","0.1255","0.8358","Ligue 1","12","7","2","7","6","2","7.9744","8.3226"
"1","13991","1463934","180","171","2020-08-30 13:00:00","5","2020","0","1","Metz","Monaco","0.626118","0.189291","0.427","0.4756","0.0974","Ligue 1","14","3","4","2","4","2","10.3704","8.7407"
"1","13992","1463935","168","235","2020-08-30 13:00:00","5","2020","2","1","Nantes","Nimes","2.15547","0.874864","0.7289","0.1752","0.0959","Ligue 1","8","17","5","9","1","8","5.9583","16.7059"
"1","13995","1463938","175","179","2020-08-30 13:00:00","5","2020","2","0","Saint-Etienne","Lorient","1.39361","0.2149","0.7359","0.2188","0.0453","Ligue 1","13","6","5","1","2","1","6.6977","9.1250"
"1","13988","1463931","241","164","2020-08-30 19:00:00","5","2020","2","3","Brest","Marseille","2.12594","1.32391","0.5863","0.2357","0.178","Ligue 1","19","7","4","4","11","3","14.3333","6.3438"
"1","13989","1463932","210","161","2020-09-10 21:00:00","5","2020","1","0","Lens","Paris Saint Germain","1.71747","0.344198","0.8006","0.161","0.0384","Ligue 1","7","8","3","1","5","4","4.8750","15.3714"
"1","14191","1463941","176","178","2020-09-11 19:00:00","5","2020","0","0","Bordeaux","Lyon","0.231132","1.79726","0.0299","0.1717","0.7984","Ligue 1","5","20","0","3","2","13","5.1538","15.8750"
"1","14192","1463946","166","170","2020-09-12 15:00:00","5","2020","3","1","Montpellier","Nice","1.69934","0.376694","0.7369","0.2016","0.0615","Ligue 1","20","9","13","1","8","0","7.2632","11.6800"
"1","14193","1463949","175","225","2020-09-12 19:00:00","5","2020","2","0","Saint-Etienne","Strasbourg","1.76107","1.30205","0.5197","0.277","0.2033","Ligue 1","10","14","4","6","2","4","9.0870","9.8000"
"1","14194","1463943","160","180","2020-09-13 11:00:00","5","2020","1","0","Lille","Metz","0.814528","0.736721","0.3186","0.3778","0.3036","Ligue 1","17","5","7","1","9","2","13.0870","6.0294"
"1","14195","1463944","179","210","2020-09-13 13:00:00","5","2020","2","3","Lorient","Lens","0.919743","1.98746","0.0819","0.2448","0.6733","Ligue 1","6","12","3","6","3","8","7.1481","6.9091"
"1","14196","1463942","181","241","2020-09-13 13:00:00","5","2020","0","2","Dijon","Brest","0.296281","2.19687","0.0229","0.113","0.8641","Ligue 1","7","19","3","5","5","4","9.9655","11.4286"
"1","14197","1463940","167","177","2020-09-13 13:00:00","5","2020","1","0","Angers","Reims","2.14867","0.324767","0.8581","0.1142","0.0277","Ligue 1","20","7","7","2","2","3","18.0526","15.1111"
"1","14198","1463947","235","163","2020-09-13 13:00:00","5","2020","2","4","Nimes","Rennes","1.00844","2.0941","0.1298","0.2021","0.6681","Ligue 1","16","10","9","6","2","5","12.1053","9.5357"
"1","14199","1463945","171","168","2020-09-13 15:00:00","5","2020","2","1","Monaco","Nantes","2.27042","1.10894","0.644","0.2161","0.1399","Ligue 1","18","7","5","2","8","5","17.0000","9.0667"
"1","14200","1463948","161","164","2020-09-13 19:00:00","5","2020","0","1","Paris Saint Germain","Marseille","2.22184","0.502817","0.8529","0.1176","0.0295","Ligue 1","14","5","4","2","6","1","12.3750","4.3750"
"1","14201","1463926","166","178","2020-09-15 19:00:00","5","2020","2","1","Montpellier","Lyon","1.75168","2.17049","0.2513","0.2867","0.462","Ligue 1","10","19","3","7","3","10","8.7407","11.0909"
"1","14202","1463929","161","180","2020-09-16 19:00:00","5","2020","1","0","Paris Saint Germain","Metz","2.42357","0.980849","0.7217","0.1795","0.0988","Ligue 1","20","7","8","1","11","4","36.3000","6.9412"
"1","14203","1463924","164","175","2020-09-17 19:00:00","5","2020","0","2","Marseille","Saint-Etienne","2.65376","1.02937","0.7622","0.1501","0.0877","Ligue 1","13","12","2","5","10","4","10.1724","8.7692"
"1","14204","1463952","178","235","2020-09-18 19:00:00","5","2020","0","0","Lyon","Nimes","1.62529","0.714832","0.6345","0.2452","0.1203","Ligue 1","15","10","3","3","10","2","13.5200","2.9118"
"1","14205","1463951","210","176","2020-09-19 15:00:00","5","2020","2","1","Lens","Bordeaux","3.02331","0.359182","0.942","0.048","0.01","Ligue 1","19","7","5","3","6","2","11.7586","10.0000"
"1","14206","1463958","163","171","2020-09-19 19:00:00","5","2020","2","1","Rennes","Monaco","0.857476","0.816922","0.3318","0.3586","0.3096","Ligue 1","14","14","3","2","3","2","20.5263","13.8000"
"1","14207","1463957","170","161","2020-09-20 11:00:00","5","2020","0","3","Nice","Paris Saint Germain","0.930504","3.32755","0.0208","0.0696","0.9096","Ligue 1","14","14","5","6","6","11","15.1250","25.1538"
"1","14208","1463959","225","181","2020-09-20 13:00:00","5","2020","1","0","Strasbourg","Dijon","2.38097","0.487834","0.8538","0.1153","0.0309","Ligue 1","17","5","6","2","10","5","20.1765","13.4500"
"1","14209","1463954","180","177","2020-09-20 13:00:00","5","2020","2","1","Metz","Reims","1.71276","1.18244","0.5118","0.3002","0.188","Ligue 1","14","10","4","4","3","6","14.2500","4.7647"
"1","14210","1463955","166","167","2020-09-20 13:00:00","5","2020","4","1","Montpellier","Angers","1.94396","0.772287","0.6832","0.1994","0.1174","Ligue 1","14","14","9","3","4","5","17.1667","17.9500"
"1","14211","1463950","241","179","2020-09-20 13:00:00","5","2020","3","2","Brest","Lorient","1.21203","1.49951","0.276","0.2841","0.4399","Ligue 1","14","9","6","4","10","1","15.0526","6.0811"
"1","14212","1463956","168","175","2020-09-20 15:00:00","5","2020","2","2","Nantes","Saint-Etienne","1.33579","1.03738","0.3864","0.3964","0.2172","Ligue 1","15","6","3","4","8","3","10.5500","8.0000"
"1","14213","1463953","164","160","2020-09-20 19:00:00","5","2020","1","1","Marseille","Lille","0.865098","1.49471","0.177","0.2836","0.5394","Ligue 1","11","14","2","7","5","7","11.4615","8.1154"
"1","14214","1463963","160","168","2020-09-25 19:00:00","5","2020","2","0","Lille","Nantes","2.09387","0.660348","0.7766","0.1594","0.064","Ligue 1","12","12","4","7","9","2","10.1034","8.0000"
"1","14215","1463969","175","163","2020-09-26 15:00:00","5","2020","0","3","Saint-Etienne","Rennes","0.200419","1.37167","0.0415","0.2363","0.7222","Ligue 1","6","10","4","6","4","4","11.4815","18.3889"
"1","14216","1463965","164","180","2020-09-26 19:00:00","5","2020","1","1","Marseille","Metz","0.864412","1.10713","0.2725","0.3136","0.4139","Ligue 1","17","14","3","3","7","0","18.9474","5.3158"
"1","14217","1463961","176","170","2020-09-27 11:00:00","5","2020","0","0","Bordeaux","Nice","1.17944","0.645309","0.5024","0.3101","0.1875","Ligue 1","18","13","5","2","5","9","10.2581","17.7143"
"1","14218","1463962","181","166","2020-09-27 13:00:00","5","2020","2","2","Dijon","Montpellier","1.60909","2.31217","0.2205","0.2268","0.5527","Ligue 1","15","14","6","5","7","6","8.8421","9.6667"
"1","14219","1463960","167","241","2020-09-27 13:00:00","5","2020","3","2","Angers","Brest","1.11753","2.36408","0.115","0.1911","0.6939","Ligue 1","12","14","5","6","3","7","7.7500","8.5000"
"1","14220","1463966","171","225","2020-09-27 13:00:00","5","2020","3","2","Monaco","Strasbourg","1.56306","1.40652","0.3866","0.2964","0.317","Ligue 1","11","11","5","5","6","3","16.1000","9.0870"
"1","14221","1463967","235","210","2020-09-27 13:00:00","5","2020","1","1","Nimes","Lens","0.370624","1.37195","0.089","0.2547","0.6563","Ligue 1","13","15","4","6","5","6","10.5909","12.5000"
"1","14222","1463964","179","178","2020-09-27 15:00:00","5","2020","1","1","Lorient","Lyon","0.299841","0.818784","0.128","0.3973","0.4747","Ligue 1","4","19","2","6","4","11","12.3333","17.9500"
"1","14223","1463968","177","161","2020-09-27 19:00:00","5","2020","0","2","Reims","Paris Saint Germain","0.208814","3.93633","0.0033","0.017","0.9797","Ligue 1","8","21","3","7","6","26","11.2000","26.7692"
"1","15806","1463977","161","167","2020-10-02 19:00:00","5","2020","6","1","Paris Saint Germain","Angers","2.9145","0.943753","0.8223","0.1224","0.0553","Ligue 1","18","8","12","2","15","2","33.2222","10.3871"
"1","15807","1463972","210","175","2020-10-03 15:00:00","5","2020","2","0","Lens","Saint-Etienne","2.13387","0.0932933","0.9306","0.0655","0.0039","Ligue 1","13","2","5","1","8","0","22.0000","3.0980"
"1","15808","1463976","170","168","2020-10-03 19:00:00","5","2020","2","1","Nice","Nantes","1.9654","1.13528","0.5793","0.2598","0.1609","Ligue 1","18","11","7","1","11","3","32.7143","3.5952"
"1","15809","1463975","166","235","2020-10-04 11:00:00","5","2020","0","1","Montpellier","Nimes","0.686408","0.588829","0.3258","0.3996","0.2746","Ligue 1","12","8","2","1","6","4","7.8214","10.7368"
"1","15810","1463974","180","179","2020-10-04 13:00:00","5","2020","3","1","Metz","Lorient","1.60054","0.853711","0.5734","0.2888","0.1378","Ligue 1","16","10","8","4","6","1","12.6250","9.2400"
"1","15811","1463970","176","181","2020-10-04 13:00:00","5","2020","3","0","Bordeaux","Dijon","1.50071","0.237758","0.7543","0.2037","0.042","Ligue 1","17","5","7","1","2","2","13.1200","9.2647"
"1","15812","1463971","241","171","2020-10-04 13:00:00","5","2020","1","0","Brest","Monaco","0.732353","1.53192","0.1489","0.2696","0.5815","Ligue 1","7","21","5","2","1","9","3.4444","20.6667"
"1","15813","1463979","225","160","2020-10-04 13:00:00","5","2020","0","3","Strasbourg","Lille","0.844783","1.95685","0.1061","0.1995","0.6944","Ligue 1","14","12","3","6","10","8","10.2174","11.8621"
"1","15814","1463978","163","177","2020-10-04 15:00:00","5","2020","2","2","Rennes","Reims","2.09357","1.0506","0.634","0.2226","0.1434","Ligue 1","18","9","3","4","7","2","20.3810","6.1500"
"1","15815","1463973","178","164","2020-10-04 19:00:00","5","2020","1","1","Lyon","Marseille","3.14327","0.376941","0.9494","0.0436","0.007","Ligue 1","24","3","3","1","13","2","21.3000","7.0000"
"1","15817","1463981","181","163","2020-10-16 17:00:00","5","2020","1","1","Dijon","Rennes","1.10593","0.769376","0.443","0.3265","0.2305","Ligue 1","12","12","4","3","2","8","8.2222","10.4516"
"1","15822","1463986","235","161","2020-10-16 19:00:00","5","2020","0","4","Nimes","Paris Saint Germain","0.138218","4.12316","0.0003","0.0044","0.9953","Ligue 1","5","30","2","11","0","11","3.8519","14.7200"
"1","15823","1463987","177","179","2020-10-17 15:00:00","5","2020","1","3","Reims","Lorient","0.273331","2.81036","0.0042","0.0258","0.97","Ligue 1","6","14","3","4","3","4","5.8065","9.5600"
"1","15819","1463983","164","176","2020-10-17 19:00:00","5","2020","3","1","Marseille","Bordeaux","0.977647","0.508148","0.5237","0.3425","0.1338","Ligue 1","6","8","4","4","3","1","12.6667","10.7826"
"1","15825","1463989","225","178","2020-10-18 11:00:00","5","2020","2","3","Strasbourg","Lyon","1.92587","4.16498","0.0518","0.0956","0.8526","Ligue 1","20","14","9","8","6","8","12.2500","7.2857"
"1","15816","1463980","167","180","2020-10-18 13:00:00","5","2020","1","1","Angers","Metz","1.09118","1.16356","0.2311","0.4759","0.293","Ligue 1","7","7","2","3","4","5","10.1739","10.5000"
"1","15820","1463984","171","166","2020-10-18 13:00:00","5","2020","1","1","Monaco","Montpellier","1.80187","0.109095","0.8841","0.1073","0.0086","Ligue 1","21","3","7","2","19","0","35.8750","2.3704"
"1","15821","1463985","168","241","2020-10-18 13:00:00","5","2020","3","1","Nantes","Brest","1.90561","0.839348","0.6786","0.2243","0.0971","Ligue 1","12","14","8","5","5","1","4.2188","12.7826"
"1","15824","1463988","175","170","2020-10-18 15:00:00","5","2020","1","3","Saint-Etienne","Nice","0.714171","2.52438","0.0294","0.1089","0.8617","Ligue 1","11","11","4","5","2","5","13.0952","8.7500"
"1","15818","1463982","160","210","2020-10-18 19:00:00","5","2020","4","0","Lille","Lens","2.90262","0.254965","0.9442","0.0465","0.0093","Ligue 1","17","7","6","2","4","1","11.5926","10.9524"
"1","15832","1464005","163","167","2020-10-23 19:00:00","5","2020","1","2","Rennes","Angers","1.21675","1.20512","0.3568","0.3114","0.3318","Ligue 1","11","10","1","4","8","4","28.2143","8.4375"
"1","15835","1464026","179","164","2020-10-24 15:00:00","5","2020","0","1","Lorient","Marseille","0.846635","0.880426","0.3186","0.3494","0.332","Ligue 1","12","15","3","3","2","4","4.8214","9.7813"
"1","15831","1464002","161","181","2020-10-24 19:00:00","5","2020","4","0","Paris Saint Germain","Dijon","4.08894","1.49175","0.8841","0.076","0.0399","Ligue 1","20","16","9","3","10","2","17.1000","8.0541"
"1","15826","1463990","176","235","2020-10-25 14:00:00","5","2020","2","0","Bordeaux","Nimes","1.92729","0.712337","0.7117","0.1995","0.0888","Ligue 1","20","8","6","4","5","5","11.0270","12.2632"
"1","15828","1463993","180","175","2020-10-25 14:00:00","5","2020","2","0","Metz","Saint-Etienne","0.330896","0.631401","0.1519","0.4528","0.3953","Ligue 1","6","10","3","0","1","4","4.9355","7.1842"
"1","15829","1463996","166","177","2020-10-25 14:00:00","5","2020","0","4","Montpellier","Reims","0.13909","4.33321","0.0002","0.0019","0.9979","Ligue 1","5","24","1","9","0","15","13.0000","51.3750"
"1","15833","1464022","241","225","2020-10-25 14:00:00","5","2020","0","3","Brest","Strasbourg","0.732823","1.29304","0.1642","0.2906","0.5452","Ligue 1","14","7","4","5","10","3","25.9286","10.6111"
"1","15830","1463999","170","160","2020-10-25 16:00:00","5","2020","1","1","Nice","Lille","0.866315","0.890546","0.3216","0.3457","0.3327","Ligue 1","8","12","3","4","3","5","13.5517","13.1739"
"1","15827","1463991","178","171","2020-10-25 20:00:00","5","2020","4","1","Lyon","Monaco","3.43243","1.89348","0.7265","0.1572","0.1163","Ligue 1","15","18","6","5","6","7","6.9615","18.8889"
"1","15842","1464034","163","241","2020-10-31 16:00:00","5","2020","2","1","Rennes","Brest","1.40289","1.03943","0.4317","0.2974","0.2709","Ligue 1","24","9","8","4","10","3","27.8947","14.1176"
"1","15839","1464031","168","161","2020-10-31 20:00:00","5","2020","0","3","Nantes","Paris Saint Germain","1.63127","2.72536","0.1306","0.2087","0.6607","Ligue 1","6","13","1","4","4","8","12.5217","24.5238"
"1","15843","1464035","175","166","2020-11-01 12:00:00","5","2020","0","1","Saint-Etienne","Montpellier","0.484542","0.937369","0.1734","0.3562","0.4704","Ligue 1","8","10","0","2","5","7","12.6154","8.5556"
"1","15836","1464008","167","170","2020-11-01 14:00:00","5","2020","0","3","Angers","Nice","0.395203","2.78036","0.0065","0.0458","0.9477","Ligue 1","11","12","5","5","7","6","13.9500","7.8462"
"1","15837","1464011","181","179","2020-11-01 14:00:00","5","2020","0","0","Dijon","Lorient","0.377123","1.14876","0.0811","0.2804","0.6385","Ligue 1","11","9","2","1","3","3","10.4643","10.2500"
"1","15840","1464032","235","180","2020-11-01 14:00:00","5","2020","0","1","Nimes","Metz","0.78372","0.859238","0.2914","0.3487","0.3599","Ligue 1","16","8","2","5","6","1","15.9000","6.5652"
"1","15841","1464033","177","225","2020-11-01 14:00:00","5","2020","2","1","Reims","Strasbourg","0.911301","1.42258","0.1776","0.3047","0.5177","Ligue 1","12","8","4","2","6","4","17.0625","9.0000"
"1","15838","1464019","171","176","2020-11-01 16:00:00","5","2020","4","0","Monaco","Bordeaux","3.9375","0.204669","0.9964","0.0034","0.0002","Ligue 1","17","5","6","0","10","5","21.5714","11.5200"
"1","15844","1464014","160","178","2020-11-01 20:00:00","5","2020","1","1","Lille","Lyon","0.444747","0.421049","0.2535","0.4941","0.2524","Ligue 1","15","8","6","1","9","6","13.8000","7.9355"
"1","15847","1464016","225","164","2020-11-06 20:00:00","5","2020","0","1","Strasbourg","Marseille","0.324201","0.0420124","0.267","0.7028","0.0302","Ligue 1","9","1","2","1","4","2","7.3333","10.0667"
"1","15848","1464036","176","166","2020-11-07 16:00:00","5","2020","0","2","Bordeaux","Montpellier","0.474622","1.59436","0.085","0.215","0.7","Ligue 1","9","9","1","3","4","3","26.9231","17.2353"
"1","15846","1464013","161","163","2020-11-07 20:00:00","5","2020","3","0","Paris Saint Germain","Rennes","1.02539","0.855589","0.3957","0.3336","0.2707","Ligue 1","9","16","6","3","4","8","11.6207","9.9310"
"1","15852","1463992","241","160","2020-11-08 12:00:00","5","2020","3","2","Brest","Lille","1.47256","2.97059","0.1138","0.1638","0.7224","Ligue 1","12","22","8","7","6","15","5.1471","30.3000"
"1","15850","1464010","235","167","2020-11-08 14:00:00","5","2020","1","5","Nimes","Angers","1.66648","2.03947","0.2757","0.2675","0.4568","Ligue 1","11","15","4","8","5","6","15.1250","7.0526"
"1","15851","1464004","180","181","2020-11-08 14:00:00","5","2020","1","1","Metz","Dijon","2.52379","2.43299","0.3962","0.2512","0.3526","Ligue 1","14","14","4","6","4","4","20.7000","11.9583"
"1","15853","1463995","210","177","2020-11-08 14:00:00","5","2020","4","4","Lens","Reims","2.04125","1.02999","0.637","0.2461","0.1169","Ligue 1","14","8","5","6","5","0","20.8235","6.6552"
"1","15854","1463998","179","168","2020-11-08 14:00:00","5","2020","0","2","Lorient","Nantes","1.77629","1.46578","0.4379","0.2795","0.2826","Ligue 1","18","16","4","4","3","4","7.9565","7.8846"
"1","15849","1464007","170","171","2020-11-08 16:00:00","5","2020","1","2","Nice","Monaco","0.782745","1.87829","0.1056","0.2396","0.6548","Ligue 1","8","15","4","8","1","8","13.2667","10.1905"
"1","15855","1464001","178","175","2020-11-08 20:00:00","5","2020","2","1","Lyon","Saint-Etienne","3.30537","1.46951","0.8023","0.1321","0.0656","Ligue 1","18","16","6","4","9","5","8.7419","3.9143"
"1","15856","1464037","163","176","2020-11-20 18:00:00","5","2020","0","1","Rennes","Bordeaux","1.95047","0.312448","0.8521","0.1234","0.0245","Ligue 1","14","6","2","3","5","3","12.4091","8.2500"
"1","15861","1464027","171","161","2020-11-20 20:00:00","5","2020","3","2","Monaco","Paris Saint Germain","3.28236","2.01645","0.6932","0.1814","0.1254","Ligue 1","15","9","5","4","8","4","11.6154","9.1765"
"1","15857","1464020","241","175","2020-11-21 16:00:00","5","2020","4","1","Brest","Saint-Etienne","1.06599","1.08804","0.3268","0.3119","0.3613","Ligue 1","10","17","5","1","4","8","11.8571","16.0909"
"1","15863","1464029","168","180","2020-11-22 12:00:00","5","2020","1","1","Nantes","Metz","1.48835","1.30332","0.3953","0.2951","0.3096","Ligue 1","17","10","5","4","11","3","13.9130","4.7931"
"1","15858","1464021","181","210","2020-11-22 14:00:00","5","2020","0","1","Dijon","Lens","0.672083","1.28012","0.1429","0.2889","0.5682","Ligue 1","11","8","2","4","3","4","25.0769","9.5667"
"1","15862","1464028","166","225","2020-11-22 14:00:00","5","2020","4","3","Montpellier","Strasbourg","2.65546","3.39205","0.2549","0.193","0.5521","Ligue 1","21","9","9","5","7","11","16.8947","13.0625"
"1","15864","1464030","177","235","2020-11-22 14:00:00","5","2020","0","1","Reims","Nimes","1.05404","0.955282","0.3134","0.4069","0.2797","Ligue 1","16","6","6","5","3","0","17.2381","3.3714"
"1","15865","1464018","167","178","2020-11-22 16:00:00","5","2020","0","1","Angers","Lyon","0.948811","1.12013","0.2789","0.3225","0.3986","Ligue 1","19","5","8","2","1","5","10.0417","11.0000"
"1","15859","1464023","160","179","2020-11-22 20:00:00","5","2020","4","0","Lille","Lorient","3.37221","0.462287","0.9386","0.0486","0.0128","Ligue 1","31","7","13","2","17","2","19.6316","7.9063"
"1","15834","1464024","210","168","2020-11-25 12:00:00","5","2020","1","1","Lens","Nantes","0.875771","2.16695","0.0706","0.1888","0.7406","Ligue 1","7","11","1","3","6","6","8.4444","9.5357"
"1","15866","1464015","225","163","2020-11-27 20:00:00","5","2020","1","1","Strasbourg","Rennes","0.802873","1.99479","0.0902","0.2245","0.6853","Ligue 1","6","21","3","7","4","10","5.5600","24.0000"
"1","15871","1463997","164","168","2020-11-28 16:00:00","5","2020","3","1","Marseille","Nantes","2.7459","0.322283","0.9286","0.0586","0.0128","Ligue 1","15","6","9","2","8","1","14.1667","7.7778"
"1","15874","1464009","161","176","2020-11-28 20:00:00","5","2020","2","2","Paris Saint Germain","Bordeaux","2.52961","1.13676","0.7185","0.1673","0.1142","Ligue 1","16","18","9","4","17","9","11.8276","6.2500"
"1","15872","1463994","178","177","2020-11-29 12:00:00","5","2020","3","0","Lyon","Reims","1.96635","0.334614","0.8074","0.1494","0.0432","Ligue 1","15","9","4","2","11","1","18.5000","6.8333"
"1","15867","1464038","210","167","2020-11-29 14:00:00","5","2020","1","3","Lens","Angers","1.3761","2.62737","0.111","0.1964","0.6926","Ligue 1","13","18","5","7","8","6","15.6250","10.0455"
"1","15868","1464039","179","166","2020-11-29 14:00:00","5","2020","0","1","Lorient","Montpellier","0.343499","1.47115","0.0547","0.2003","0.745","Ligue 1","8","16","2","3","6","3","8.8696","16.7222"
"1","15869","1464003","171","235","2020-11-29 14:00:00","5","2020","3","0","Monaco","Nimes","3.43581","0.208733","0.9731","0.0231","0.0038","Ligue 1","18","6","5","2","20","0","20.4706","4.2813"
"1","15870","1464000","180","241","2020-11-29 14:00:00","5","2020","0","2","Metz","Brest","0.704986","1.32303","0.1607","0.2879","0.5514","Ligue 1","15","10","6","3","4","5","15.1765","21.2353"
"1","15873","1464006","170","181","2020-11-29 16:00:00","5","2020","1","3","Nice","Dijon","2.40463","0.980084","0.7367","0.1775","0.0858","Ligue 1","24","9","7","4","13","4","15.6000","7.0333"
"1","15875","1464012","175","160","2020-11-29 20:00:00","5","2020","1","1","Saint-Etienne","Lille","0.982356","0.391883","0.5962","0.3097","0.0941","Ligue 1","7","9","5","2","1","7","5.6000","11.5926"
"1","15883","1464047","235","164","2020-12-04 20:00:00","5","2020","0","2","Nimes","Marseille","0.384633","2.16881","0.0237","0.1006","0.8757","Ligue 1","7","17","0","5","2","11","5.5000","19.0000"
"1","15885","1464049","163","210","2020-12-05 16:00:00","5","2020","0","2","Rennes","Lens","0.503822","0.927878","0.1673","0.35","0.4827","Ligue 1","10","6","4","4","7","3","16.5882","5.8519"
"1","15881","1464045","166","161","2020-12-05 20:00:00","5","2020","1","3","Montpellier","Paris Saint Germain","1.98123","2.12699","0.3113","0.2878","0.4009","Ligue 1","17","13","2","6","3","7","6.1212","21.2381"
"1","15879","1464043","160","171","2020-12-06 12:00:00","5","2020","2","1","Lille","Monaco","1.38745","0.669039","0.5825","0.272","0.1455","Ligue 1","10","8","5","3","4","5","8.4444","12.3226"
"1","15876","1464040","167","179","2020-12-06 14:00:00","5","2020","2","0","Angers","Lorient","1.91353","0.33512","0.808","0.1523","0.0397","Ligue 1","10","12","3","3","6","4","7.0541","9.7000"
"1","15877","1464041","176","241","2020-12-06 14:00:00","5","2020","1","0","Bordeaux","Brest","2.36548","0.170892","0.9101","0.0806","0.0093","Ligue 1","21","8","6","3","9","2","28.3333","13.2273"
"1","15878","1464042","181","175","2020-12-06 14:00:00","5","2020","0","0","Dijon","Saint-Etienne","0.235832","0.675017","0.1059","0.4291","0.465","Ligue 1","6","7","1","2","4","7","4.4595","12.0769"
"1","15882","1464046","168","225","2020-12-06 14:00:00","5","2020","0","4","Nantes","Strasbourg","0.633507","3.19753","0.0105","0.0471","0.9424","Ligue 1","14","13","2","9","3","6","16.7143","9.1364"
"1","15884","1464048","177","170","2020-12-06 16:00:00","5","2020","0","0","Reims","Nice","0.511453","0.570809","0.2609","0.441","0.2981","Ligue 1","11","12","2","4","3","2","6.6538","12.8125"
"1","15880","1464044","180","178","2020-12-06 20:00:00","5","2020","1","3","Metz","Lyon","1.2421","1.81122","0.2246","0.2735","0.5019","Ligue 1","12","18","5","5","6","11","11.0417","16.7727"
"1","15893","1464058","175","167","2020-12-11 20:00:00","5","2020","0","0","Saint-Etienne","Angers","1.15801","0.751779","0.4515","0.3177","0.2308","Ligue 1","14","8","3","3","4","3","15.2500","9.0417"
"1","15890","1464054","164","171","2020-12-12 16:00:00","5","2020","2","1","Marseille","Monaco","1.52748","1.70771","0.2867","0.32","0.3933","Ligue 1","5","9","2","4","4","8","8.1500","12.2917"
"1","15887","1464051","210","166","2020-12-12 20:00:00","5","2020","2","3","Lens","Montpellier","1.38862","1.61719","0.2801","0.3006","0.4193","Ligue 1","14","10","4","7","9","1","19.0625","9.0870"
"1","15892","1464056","170","163","2020-12-13 12:00:00","5","2020","0","1","Nice","Rennes","0.791546","1.2598","0.2166","0.3058","0.4776","Ligue 1","11","16","3","6","7","3","16.3500","8.4242"
"1","15886","1464050","241","177","2020-12-13 14:00:00","5","2020","2","1","Brest","Reims","2.97358","0.555087","0.928","0.0562","0.0158","Ligue 1","10","10","6","4","4","11","13.6364","15.7059"
"1","15889","1464053","179","235","2020-12-13 14:00:00","5","2020","3","0","Lorient","Nimes","2.82061","0.562896","0.9022","0.0786","0.0192","Ligue 1","13","6","5","2","7","5","7.4194","12.0833"
"1","15891","1464055","168","181","2020-12-13 14:00:00","5","2020","1","1","Nantes","Dijon","1.88182","1.02506","0.6074","0.2448","0.1478","Ligue 1","17","13","6","4","4","5","8.2273","17.3636"
"1","15894","1464059","225","180","2020-12-13 14:00:00","5","2020","2","2","Strasbourg","Metz","0.788845","1.71894","0.1078","0.2222","0.67","Ligue 1","18","6","4","3","7","0","12.8636","8.1852"
"1","15888","1464052","160","176","2020-12-13 16:00:00","5","2020","2","1","Lille","Bordeaux","1.34583","0.804147","0.4955","0.307","0.1975","Ligue 1","15","4","5","3","8","5","14.0000","6.6047"
"1","15895","1464057","161","178","2020-12-13 20:00:00","5","2020","0","1","Paris Saint Germain","Lyon","0.310118","0.833608","0.1203","0.379","0.5007","Ligue 1","7","8","1","5","3","6","13.2963","6.1852"
"1","15896","1464060","167","225","2020-12-16 18:00:00","5","2020","0","2","Angers","Strasbourg","0.215122","0.510882","0.1157","0.5277","0.3566","Ligue 1","8","7","2","3","5","2","14.2609","11.1429"
"1","15899","1464097","181","160","2020-12-16 18:00:00","5","2020","0","2","Dijon","Lille","0.171789","1.10314","0.049","0.3054","0.6456","Ligue 1","6","10","1","5","4","7","8.5455","12.1739"
"1","15902","1464104","166","180","2020-12-16 18:00:00","5","2020","0","2","Montpellier","Metz","0.892487","1.63826","0.1545","0.2505","0.595","Ligue 1","14","9","3","5","6","3","39.1250","11.6190"
"1","15903","1464105","235","170","2020-12-16 18:00:00","5","2020","0","2","Nimes","Nice","0.994031","1.97897","0.139","0.2235","0.6375","Ligue 1","15","14","4","6","9","9","11.0000","10.4706"
"1","15905","1464107","177","168","2020-12-16 18:00:00","5","2020","3","2","Reims","Nantes","1.74124","2.08259","0.2574","0.2898","0.4528","Ligue 1","13","18","4","7","4","3","9.1200","10.9048"
"1","15897","1464062","163","164","2020-12-16 20:00:00","5","2020","2","1","Rennes","Marseille","1.16849","1.24235","0.3185","0.3074","0.3741","Ligue 1","15","8","5","1","5","3","12.7143","6.1600"
"1","15898","1464094","176","175","2020-12-16 20:00:00","5","2020","1","2","Bordeaux","Saint-Etienne","0.552558","2.18745","0.0445","0.1324","0.8231","Ligue 1","11","19","3","8","4","3","16.5000","9.4000"
"1","15900","1464100","178","241","2020-12-16 20:00:00","5","2020","2","2","Lyon","Brest","3.29974","1.28136","0.84","0.1139","0.0461","Ligue 1","28","8","11","2","20","1","21.2308","7.6389"
"1","15901","1464102","171","210","2020-12-16 20:00:00","5","2020","0","3","Monaco","Lens","0.928491","0.963125","0.3173","0.3399","0.3428","Ligue 1","7","8","1","4","2","1","5.6765","20.3600"
"1","15904","1464106","161","179","2020-12-16 20:00:00","5","2020","2","0","Paris Saint Germain","Lorient","2.80047","1.30249","0.7377","0.1686","0.0937","Ligue 1","24","8","8","3","12","3","28.3333","3.2000"
"1","15910","1464074","180","210","2020-12-19 16:00:00","5","2020","2","0","Metz","Lens","1.16038","1.14532","0.3406","0.318","0.3414","Ligue 1","12","17","4","3","3","9","9.3684","11.3333"
"1","15909","1464072","164","177","2020-12-19 18:00:00","5","2020","1","1","Marseille","Reims","1.50569","0.363146","0.7017","0.2411","0.0572","Ligue 1","12","3","6","1","7","0","15.7200","3.7778"
"1","15912","1464078","170","178","2020-12-19 20:00:00","5","2020","1","4","Nice","Lyon","0.761993","3.1134","0.018","0.0723","0.9097","Ligue 1","8","13","1","9","8","7","14.9600","12.3846"
"1","15906","1464064","241","166","2020-12-20 12:00:00","5","2020","2","2","Brest","Montpellier","2.16892","0.522177","0.7907","0.1517","0.0576","Ligue 1","17","10","7","4","5","0","26.0769","17.4375"
"1","15907","1464066","181","171","2020-12-20 14:00:00","5","2020","0","1","Dijon","Monaco","1.17666","1.12699","0.3583","0.3223","0.3194","Ligue 1","11","13","1","6","2","9","12.0417","12.7895"
"1","15911","1464076","168","167","2020-12-20 14:00:00","5","2020","1","1","Nantes","Angers","0.573136","0.942065","0.2034","0.3652","0.4314","Ligue 1","9","12","2","6","9","4","9.2571","7.3600"
"1","15913","1464080","225","176","2020-12-20 14:00:00","5","2020","0","2","Strasbourg","Bordeaux","1.0111","1.30968","0.2665","0.299","0.4345","Ligue 1","10","11","3","6","1","8","14.2632","10.9565"
"1","15914","1464082","175","235","2020-12-20 14:00:00","5","2020","2","2","Saint-Etienne","Nimes","2.94469","1.50557","0.7352","0.1758","0.089","Ligue 1","18","9","9","4","5","5","19.2000","6.8462"
"1","15908","1464070","179","163","2020-12-20 16:00:00","5","2020","0","3","Lorient","Rennes","1.0355","1.00048","0.366","0.3143","0.3197","Ligue 1","11","15","2","4","3","5","19.9286","9.0811"
"1","15915","1464068","160","161","2020-12-20 20:00:00","5","2020","0","0","Lille","Paris Saint Germain","0.394389","0.552443","0.2016","0.4835","0.3149","Ligue 1","8","8","3","1","1","3","6.5333","17.5000"
"1","15916","1464098","170","179","2020-12-23 18:00:00","5","2020","2","2","Nice","Lorient","0.656687","2.13449","0.0373","0.1808","0.7819","Ligue 1","3","24","3","6","3","11","10.4286","25.5714"
"1","15919","1464086","176","177","2020-12-23 18:00:00","5","2020","1","3","Bordeaux","Reims","1.2121","1.30331","0.3131","0.3109","0.376","Ligue 1","9","10","3","5","3","3","48.0000","10.2400"
"1","15920","1464088","210","241","2020-12-23 18:00:00","5","2020","2","1","Lens","Brest","2.02607","1.17648","0.5942","0.2611","0.1447","Ligue 1","11","10","4","3","8","3","9.2258","13.1818"
"1","15923","1464108","163","180","2020-12-23 18:00:00","5","2020","1","0","Rennes","Metz","0.66303","0.83489","0.2609","0.3669","0.3722","Ligue 1","11","9","6","4","9","7","19.9412","6.6452"
"1","15925","1464101","235","181","2020-12-23 18:00:00","5","2020","1","3","Nimes","Dijon","0.958657","1.60068","0.1938","0.2749","0.5313","Ligue 1","8","14","1","4","5","12","11.0500","16.6250"
"1","15917","1464095","166","160","2020-12-23 20:00:00","5","2020","2","3","Montpellier","Lille","1.19046","1.70435","0.2083","0.2766","0.5151","Ligue 1","17","9","6","7","7","5","11.9500","20.0000"
"1","15918","1464084","167","164","2020-12-23 20:00:00","5","2020","2","1","Angers","Marseille","0.780388","1.49756","0.1365","0.2614","0.6021","Ligue 1","9","8","2","2","3","2","7.7857","17.0952"
"1","15921","1464090","178","168","2020-12-23 20:00:00","5","2020","3","0","Lyon","Nantes","3.9821","1.10394","0.9043","0.0643","0.0314","Ligue 1","22","18","11","4","12","3","25.7222","9.6364"
"1","15922","1464092","171","175","2020-12-23 20:00:00","5","2020","2","2","Monaco","Saint-Etienne","0.680448","1.97218","0.0689","0.1969","0.7342","Ligue 1","2","18","2","6","4","4","8.3182","9.3846"
"1","15924","1464103","161","225","2020-12-23 20:00:00","5","2020","4","0","Paris Saint Germain","Strasbourg","3.11615","0.417249","0.9522","0.0389","0.0089","Ligue 1","17","8","8","2","7","1","26.3125","9.7500"
"1","15927","1464063","179","171","2021-01-06 18:00:00","5","2020","2","5","Lorient","Monaco","0.61232","2.81772","0.0154","0.0669","0.9177","Ligue 1","11","16","5","9","2","12","10.8636","13.9545"
"1","15930","1464069","180","176","2021-01-06 18:00:00","5","2020","0","0","Metz","Bordeaux","0.71749","0.667484","0.3297","0.3952","0.2751","Ligue 1","9","12","3","3","3","4","8.5625","18.6818"
"1","15931","1464071","168","163","2021-01-06 18:00:00","5","2020","0","0","Nantes","Rennes","0.600663","0.490669","0.3284","0.4335","0.2381","Ligue 1","7","8","2","0","1","6","7.9444","25.8889"
"1","15934","1464077","225","235","2021-01-06 18:00:00","5","2020","5","0","Strasbourg","Nimes","4.64764","0.826798","0.9831","0.0135","0.0034","Ligue 1","21","6","12","2","6","2","24.0714","8.2727"
"1","15935","1464109","241","170","2021-01-06 18:00:00","5","2020","2","0","Brest","Nice","1.13297","1.37393","0.2897","0.2907","0.4196","Ligue 1","10","12","6","6","6","8","10.8636","21.7500"
"1","15926","1464061","160","167","2021-01-06 20:00:00","5","2020","1","2","Lille","Angers","0.285307","0.413017","0.1744","0.5533","0.2723","Ligue 1","7","7","2","3","6","4","21.0588","6.3333"
"1","15928","1464065","178","210","2021-01-06 20:00:00","5","2020","3","2","Lyon","Lens","1.82314","0.947234","0.6177","0.2353","0.147","Ligue 1","11","11","6","3","9","6","10.8261","21.8333"
"1","15929","1464067","164","166","2021-01-06 20:00:00","5","2020","3","1","Marseille","Montpellier","2.52375","1.17896","0.7091","0.1713","0.1196","Ligue 1","18","13","7","5","10","5","16.3333","13.6842"
"1","15932","1464073","177","181","2021-01-06 20:00:00","5","2020","0","0","Reims","Dijon","0.878332","0.125669","0.6205","0.339","0.0405","Ligue 1","9","8","3","0","5","2","17.0000","6.5263"
"1","15933","1464075","175","161","2021-01-06 20:00:00","5","2020","1","1","Saint-Etienne","Paris Saint Germain","1.29987","1.39496","0.3321","0.2849","0.383","Ligue 1","11","11","5","4","8","8","4.9118","26.0667"
"1","15936","1464079","176","179","2021-01-09 20:00:00","5","2020","2","1","Bordeaux","Lorient","1.61234","1.06734","0.5154","0.2787","0.2059","Ligue 1","16","12","6","4","6","4","12.5652","15.7778"
"1","15937","1464081","181","164","2021-01-09 20:00:00","5","2020","0","0","Dijon","Marseille","0.48883","1.80202","0.0594","0.1889","0.7517","Ligue 1","5","11","0","4","6","12","8.4828","11.0357"
"1","15938","1464083","210","225","2021-01-09 20:00:00","5","2020","0","1","Lens","Strasbourg","0.57533","1.57769","0.1018","0.2354","0.6628","Ligue 1","11","10","2","4","5","4","17.6000","5.6923"
"1","15939","1464085","180","170","2021-01-09 20:00:00","5","2020","1","1","Metz","Nice","1.25558","1.48081","0.2577","0.3458","0.3965","Ligue 1","16","11","5","4","1","6","8.7917","11.7037"
"1","15940","1464087","171","167","2021-01-09 20:00:00","5","2020","3","0","Monaco","Angers","2.30803","0.689403","0.7977","0.1508","0.0515","Ligue 1","14","6","5","2","4","3","17.1818","8.0278"
"1","15941","1464089","166","168","2021-01-09 20:00:00","5","2020","1","1","Montpellier","Nantes","0.905512","1.31067","0.2281","0.3156","0.4563","Ligue 1","8","12","6","3","4","1","10.0000","11.7083"
"1","15942","1464091","235","160","2021-01-09 20:00:00","5","2020","0","1","Nimes","Lille","0.34513","1.01419","0.1147","0.3358","0.5495","Ligue 1","7","10","0","2","4","4","11.2143","14.1818"
"1","15943","1464093","161","241","2021-01-09 20:00:00","5","2020","3","0","Paris Saint Germain","Brest","2.91378","0.546939","0.892","0.0807","0.0273","Ligue 1","22","12","11","2","13","9","14.2917","11.8571"
"1","15944","1464096","177","175","2021-01-09 20:00:00","5","2020","3","1","Reims","Saint-Etienne","1.70535","1.28905","0.4883","0.2816","0.2301","Ligue 1","7","14","3","6","3","6","6.9583","11.0000"
"1","15945","1464099","163","178","2021-01-09 20:00:00","5","2020","2","2","Rennes","Lyon","1.14894","1.11618","0.3444","0.3007","0.3549","Ligue 1","14","13","6","4","4","7","10.1176","10.1111"
"1","15952","1464116","166","171","2021-01-15 20:00:00","5","2020","2","3","Montpellier","Monaco","0.55197","2.88799","0.021","0.0716","0.9074","Ligue 1","9","16","3","5","4","12","7.0278","8.5769"
"1","15951","1464115","164","235","2021-01-16 16:00:00","5","2020","1","2","Marseille","Nimes","2.16279","1.58781","0.5162","0.279","0.2048","Ligue 1","14","8","6","5","6","5","47.2500","6.7647"
"1","15946","1464110","167","161","2021-01-16 20:00:00","5","2020","0","1","Angers","Paris Saint Germain","0.937183","1.48664","0.2106","0.284","0.5054","Ligue 1","11","11","4","3","1","9","11.3810","13.8438"
"1","15947","1464111","241","163","2021-01-17 12:00:00","5","2020","1","2","Brest","Rennes","1.94951","1.4995","0.4698","0.2742","0.256","Ligue 1","14","7","4","4","5","4","13.0476","31.7500"
"1","15953","1464117","168","210","2021-01-17 14:00:00","5","2020","1","1","Nantes","Lens","1.15976","1.35642","0.2474","0.3703","0.3823","Ligue 1","10","8","2","1","2","6","6.3333","9.7419"
"1","15954","1464118","170","176","2021-01-17 14:00:00","5","2020","0","3","Nice","Bordeaux","0.469882","3.61303","0.006","0.0281","0.9659","Ligue 1","10","17","1","9","5","4","18.6667","14.6500"
"1","15955","1464127","225","175","2021-01-17 14:00:00","5","2020","1","0","Strasbourg","Saint-Etienne","2.60986","1.25152","0.7215","0.184","0.0945","Ligue 1","15","8","2","3","6","3","6.8462","7.9737"
"1","15948","1464112","160","177","2021-01-17 16:00:00","5","2020","2","1","Lille","Reims","1.37991","0.265034","0.7763","0.1901","0.0336","Ligue 1","16","8","8","4","9","0","21.6667","12.5238"
"1","15950","1464114","178","180","2021-01-17 20:00:00","5","2020","0","1","Lyon","Metz","1.6386","1.4255","0.4208","0.2603","0.3189","Ligue 1","23","17","5","3","9","2","15.8182","6.8333"
"1","15845","1464017","164","210","2021-01-20 22:00:00","5","2020","0","1","Marseille","Lens","0.118724","1.55004","0.0178","0.1438","0.8384","Ligue 1","4","13","1","4","1","1","7.7353","11.8519"
"1","15962","1464141","161","166","2021-01-22 20:00:00","5","2020","4","0","Paris Saint Germain","Montpellier","4.90921","0.15807","0.9962","0.0033","0.0005","Ligue 1","25","5","8","1","22","1","37.3750","4.0714"
"1","15958","1464133","210","170","2021-01-23 16:00:00","5","2020","0","1","Lens","Nice","1.18896","0.547266","0.5517","0.31","0.1383","Ligue 1","13","7","3","2","3","4","11.3077","10.0000"
"1","15960","1464137","171","164","2021-01-23 20:00:00","5","2020","3","1","Monaco","Marseille","1.87551","0.462549","0.7792","0.1686","0.0522","Ligue 1","8","5","6","1","4","0","7.5000","6.5588"
"1","15956","1464129","176","167","2021-01-24 12:00:00","5","2020","2","1","Bordeaux","Angers","1.1096","1.71363","0.2107","0.261","0.5283","Ligue 1","7","15","3","7","4","7","10.3871","12.3600"
"1","15957","1464131","181","225","2021-01-24 14:00:00","5","2020","1","1","Dijon","Strasbourg","0.802784","2.7928","0.0325","0.1099","0.8576","Ligue 1","5","15","3","2","2","9","13.6190","10.0690"
"1","15959","1464135","180","168","2021-01-24 14:00:00","5","2020","2","0","Metz","Nantes","0.833905","0.239963","0.5066","0.397","0.0964","Ligue 1","14","8","4","0","1","3","9.9048","10.5000"
"1","15963","1464143","177","241","2021-01-24 14:00:00","5","2020","1","0","Reims","Brest","1.18806","1.01943","0.3981","0.3048","0.2971","Ligue 1","12","16","2","0","5","3","8.5000","18.0556"
"1","15964","1464145","163","160","2021-01-24 16:00:00","5","2020","0","1","Rennes","Lille","0.550276","0.796039","0.2206","0.3863","0.3931","Ligue 1","11","9","2","4","4","4","23.9412","6.0000"
"1","15965","1464147","175","178","2021-01-24 20:00:00","5","2020","0","5","Saint-Etienne","Lyon","0.22255","2.19868","0.0151","0.1045","0.8804","Ligue 1","3","19","0","12","0","1","7.9643","22.4286"
"1","15949","1464113","179","181","2021-01-27 20:00:00","5","2020","3","2","Lorient","Dijon","0.895978","1.6704","0.1498","0.2491","0.6011","Ligue 1","14","7","5","2","4","7","7.7000","6.7742"
"1","15970","1464121","178","176","2021-01-29 20:00:00","5","2020","2","1","Lyon","Bordeaux","1.30049","0.73143","0.5256","0.2853","0.1891","Ligue 1","10","12","4","2","8","4","26.7500","8.4839"
"1","15972","1464123","166","210","2021-01-30 16:00:00","5","2020","1","2","Montpellier","Lens","1.03811","1.07049","0.3249","0.3119","0.3632","Ligue 1","17","11","7","2","4","3","12.5294","6.8214"
"1","15974","1464125","170","175","2021-01-31 12:00:00","5","2020","0","1","Nice","Saint-Etienne","0.435831","1.58746","0.0768","0.2133","0.7099","Ligue 1","7","10","2","1","5","8","10.5517","18.6471"
"1","15966","1464149","167","235","2021-01-31 14:00:00","5","2020","3","1","Angers","Nimes","1.59464","0.9424","0.529","0.2998","0.1712","Ligue 1","12","8","5","4","5","1","13.5294","18.1739"
"1","15968","1464119","241","180","2021-01-31 14:00:00","5","2020","2","4","Brest","Metz","1.8688","1.50555","0.4493","0.2785","0.2722","Ligue 1","10","15","5","6","9","4","14.4074","7.6538"
"1","15969","1464120","179","161","2021-01-31 14:00:00","5","2020","3","2","Lorient","Paris Saint Germain","1.56057","2.64181","0.1436","0.1921","0.6643","Ligue 1","16","14","5","3","5","7","5.5161","16.7778"
"1","15975","1464126","225","177","2021-01-31 14:00:00","5","2020","0","1","Strasbourg","Reims","0.995057","1.31697","0.2543","0.2965","0.4492","Ligue 1","12","10","3","5","11","4","18.0667","14.7143"
"1","15967","1464128","160","181","2021-01-31 16:00:00","5","2020","1","0","Lille","Dijon","1.90817","0.370938","0.8392","0.1282","0.0326","Ligue 1","14","10","2","3","6","3","27.8125","8.0000"
"1","15973","1464124","168","171","2021-01-31 20:00:00","5","2020","1","2","Nantes","Monaco","1.23932","1.52441","0.2784","0.2987","0.4229","Ligue 1","9","14","3","5","2","8","5.2188","18.1429"
"1","15976","1464130","176","160","2021-02-03 18:00:00","5","2020","0","3","Bordeaux","Lille","0.746258","1.99926","0.0888","0.1865","0.7247","Ligue 1","10","11","4","6","2","5","12.7879","18.6250"
"1","15979","1464136","180","166","2021-02-03 18:00:00","5","2020","1","1","Metz","Montpellier","0.902049","1.02749","0.3085","0.3178","0.3737","Ligue 1","17","15","6","4","3","2","7.7097","11.7826"
"1","15982","1464142","177","167","2021-02-03 18:00:00","5","2020","0","0","Reims","Angers","0.556903","0.251964","0.3598","0.5064","0.1338","Ligue 1","10","6","2","2","4","0","21.1176","12.8421"
"1","15983","1464144","163","179","2021-02-03 18:00:00","5","2020","1","1","Rennes","Lorient","1.03454","0.620552","0.4709","0.3344","0.1947","Ligue 1","10","12","6","3","11","4","22.8667","9.2308"
"1","15985","1464148","225","241","2021-02-03 18:00:00","5","2020","2","2","Strasbourg","Brest","0.610074","0.710748","0.2449","0.4203","0.3348","Ligue 1","9","3","4","2","1","9","7.5385","11.4483"
"1","15977","1464132","181","178","2021-02-03 20:00:00","5","2020","0","1","Dijon","Lyon","0.998017","2.26364","0.1001","0.1874","0.7125","Ligue 1","14","16","2","8","5","12","8.0357","14.5667"
"1","15978","1464134","210","164","2021-02-03 20:00:00","5","2020","2","2","Lens","Marseille","1.53188","1.3201","0.3966","0.2883","0.3151","Ligue 1","21","11","3","4","7","7","12.6522","5.2069"
"1","15980","1464138","171","170","2021-02-03 20:00:00","5","2020","2","1","Monaco","Nice","2.7347","0.426701","0.9405","0.0526","0.0069","Ligue 1","15","5","6","2","11","3","8.2917","11.9677"
"1","15981","1464140","161","235","2021-02-03 20:00:00","5","2020","3","0","Paris Saint Germain","Nimes","1.69188","1.73501","0.3527","0.2629","0.3844","Ligue 1","14","19","6","6","1","2","23.1364","7.0645"
"1","15984","1464146","175","168","2021-02-03 20:00:00","5","2020","1","1","Saint-Etienne","Nantes","1.50363","1.25487","0.439","0.2696","0.2914","Ligue 1","14","13","8","6","3","3","6.6571","10.5000"
"1","15993","1464152","179","177","2021-02-06 16:00:00","5","2020","1","0","Lorient","Reims","1.11747","0.779858","0.4577","0.3235","0.2188","Ligue 1","10","13","4","3","4","4","6.9655","9.6563"
"1","15994","1464153","178","225","2021-02-06 18:00:00","5","2020","3","0","Lyon","Strasbourg","1.59649","0.242033","0.7611","0.1967","0.0422","Ligue 1","16","8","8","1","9","1","19.9444","8.4444"
"1","15992","1464151","210","163","2021-02-06 20:00:00","5","2020","0","0","Lens","Rennes","1.09008","0.549443","0.5443","0.3162","0.1395","Ligue 1","10","10","3","1","3","4","12.4815","13.4286"
"1","15991","1464150","241","176","2021-02-07 12:00:00","5","2020","2","1","Brest","Bordeaux","2.03597","0.635508","0.7355","0.1798","0.0847","Ligue 1","24","8","6","4","12","3","7.9655","12.9630"
"1","15986","1464155","166","181","2021-02-07 14:00:00","5","2020","4","2","Montpellier","Dijon","5.60551","1.31726","0.9845","0.0127","0.0028","Ligue 1","25","13","11","5","6","2","16.0588","10.3333"
"1","15988","1464157","170","167","2021-02-07 14:00:00","5","2020","3","0","Nice","Angers","1.30901","0.620413","0.55","0.2955","0.1545","Ligue 1","11","10","2","3","7","4","13.1200","11.2917"
"1","15989","1464158","235","171","2021-02-07 14:00:00","5","2020","3","4","Nimes","Monaco","1.54024","1.24576","0.4408","0.2894","0.2698","Ligue 1","9","11","4","5","4","5","9.6897","15.9091"
"1","15990","1464159","175","180","2021-02-07 14:00:00","5","2020","1","0","Saint-Etienne","Metz","0.560201","0.327429","0.3464","0.4767","0.1769","Ligue 1","12","10","3","0","2","2","9.2857","10.1852"
"1","15987","1464156","168","160","2021-02-07 16:00:00","5","2020","0","2","Nantes","Lille","0.400333","1.7948","0.055","0.1822","0.7628","Ligue 1","6","14","1","3","1","8","13.2000","11.1429"
"1","15995","1464154","164","161","2021-02-07 20:00:00","5","2020","0","2","Marseille","Paris Saint Germain","0.426125","1.23049","0.1091","0.287","0.6039","Ligue 1","12","9","4","2","8","8","12.8750","11.6207"
"1","16003","1464167","161","170","2021-02-13 16:00:00","5","2020","2","1","Paris Saint Germain","Nice","2.47313","1.0503","0.7538","0.1601","0.0861","Ligue 1","17","13","4","5","9","6","13.4800","10.3226"
"1","16004","1464168","177","210","2021-02-13 18:00:00","5","2020","1","1","Reims","Lens","0.679141","3.15679","0.0175","0.07","0.9125","Ligue 1","9","17","6","6","1","8","6.6538","15.1500"
"1","16000","1464164","178","166","2021-02-13 20:00:00","5","2020","1","2","Lyon","Montpellier","3.94358","1.75721","0.8444","0.1047","0.0509","Ligue 1","24","12","8","5","16","2","16.1875","9.3913"
"1","16002","1464166","171","179","2021-02-14 12:00:00","5","2020","2","2","Monaco","Lorient","1.93864","1.43939","0.4825","0.2926","0.2249","Ligue 1","12","5","4","2","14","1","27.2667","3.7391"
"1","15996","1464160","167","168","2021-02-14 14:00:00","5","2020","1","3","Angers","Nantes","1.72075","1.75357","0.3348","0.3272","0.338","Ligue 1","8","7","3","3","3","4","12.6923","6.3913"
"1","15998","1464162","181","235","2021-02-14 14:00:00","5","2020","0","2","Dijon","Nimes","0.466986","1.90774","0.0546","0.1575","0.7879","Ligue 1","10","8","3","4","2","8","8.9667","6.8108"
"1","16001","1464165","180","225","2021-02-14 14:00:00","5","2020","1","2","Metz","Strasbourg","1.46606","1.39672","0.375","0.2814","0.3436","Ligue 1","14","12","3","2","5","11","6.5278","14.1053"
"1","16005","1464169","163","175","2021-02-14 14:00:00","5","2020","0","2","Rennes","Saint-Etienne","0.797238","0.347155","0.4439","0.4106","0.1455","Ligue 1","13","6","2","3","1","2","16.6957","3.7586"
"1","15999","1464163","160","241","2021-02-14 16:00:00","5","2020","0","0","Lille","Brest","0.62514","0.0883755","0.459","0.4934","0.0476","Ligue 1","14","3","0","1","8","2","24.3333","6.3103"
"1","15997","1464161","176","164","2021-02-14 20:00:00","5","2020","0","0","Bordeaux","Marseille","1.90455","0.41792","0.7607","0.179","0.0603","Ligue 1","18","5","1","1","7","3","12.4286","12.8333"
"1","15860","1464025","164","170","2021-02-17 20:00:00","5","2020","3","2","Marseille","Nice","0.648327","1.2083","0.1622","0.3094","0.5284","Ligue 1","8","10","4","4","5","5","10.2500","18.1500"
"1","16006","1464170","241","178","2021-02-19 20:00:00","5","2020","2","3","Brest","Lyon","1.46003","3.47483","0.0842","0.1158","0.8","Ligue 1","19","17","7","7","10","10","9.0000","17.8000"
"1","16014","1464178","175","177","2021-02-20 12:00:00","5","2020","1","1","Saint-Etienne","Reims","1.97702","0.35467","0.8423","0.1309","0.0268","Ligue 1","18","4","8","2","5","4","8.4074","7.0541"
"1","16010","1464174","168","164","2021-02-20 16:00:00","5","2020","1","1","Nantes","Marseille","0.779308","0.564279","0.3944","0.3997","0.2059","Ligue 1","6","7","1","3","2","1","5.0833","20.2105"
"1","16009","1464173","166","163","2021-02-21 12:00:00","5","2020","2","1","Montpellier","Rennes","2.86812","1.42102","0.7395","0.1622","0.0983","Ligue 1","12","14","7","5","3","8","12.2667","28.3846"
"1","16007","1464171","210","181","2021-02-21 14:00:00","5","2020","2","1","Lens","Dijon","1.29752","0.88646","0.4707","0.3172","0.2121","Ligue 1","11","12","4","4","4","2","13.2857","8.6667"
"1","16011","1464175","170","180","2021-02-21 14:00:00","5","2020","1","2","Nice","Metz","1.04755","1.43338","0.205","0.3444","0.4506","Ligue 1","12","11","3","4","0","2","13.6154","4.1163"
"1","16012","1464176","235","176","2021-02-21 14:00:00","5","2020","2","0","Nimes","Bordeaux","0.364183","0.791842","0.1412","0.3916","0.4672","Ligue 1","8","11","3","4","5","1","5.3750","20.8947"
"1","16015","1464179","225","167","2021-02-21 14:00:00","5","2020","0","0","Strasbourg","Angers","1.41894","0.325105","0.6846","0.2461","0.0693","Ligue 1","16","7","2","3","5","3","15.8947","4.8571"
"1","16008","1464172","179","160","2021-02-21 16:00:00","5","2020","1","4","Lorient","Lille","0.231568","1.04668","0.0807","0.3422","0.5771","Ligue 1","8","16","3","7","0","3","11.0385","16.1429"
"1","16013","1464177","161","171","2021-02-21 20:00:00","5","2020","0","2","Paris Saint Germain","Monaco","0.953831","1.05657","0.2839","0.3568","0.3593","Ligue 1","10","5","1","3","10","4","21.7273","6.2857"
"1","15961","1464139","235","179","2021-02-24 20:00:00","5","2020","1","0","Nimes","Lorient","0.914735","0.3945","0.566","0.3298","0.1042","Ligue 1","7","11","2","3","4","4","8.1250","12.1739"
"1","16024","1464197","163","170","2021-02-26 20:00:00","5","2020","1","2","Rennes","Nice","0.752041","1.6621","0.1247","0.2321","0.6432","Ligue 1","17","14","5","7","5","8","20.6429","5.4839"
"1","16017","1464181","176","180","2021-02-27 12:00:00","5","2020","1","2","Bordeaux","Metz","0.978537","1.84068","0.1262","0.2579","0.6159","Ligue 1","8","15","1","5","3","3","11.0455","6.4333"
"1","16018","1464182","181","161","2021-02-27 16:00:00","5","2020","0","4","Dijon","Paris Saint Germain","0.249652","2.12179","0.0164","0.0884","0.8952","Ligue 1","5","7","1","5","0","6","9.0000","20.1905"
