"","id","isResult","h.id","h.title","h.short_title","a.id","a.title","a.short_title","goals.h","goals.a","xG.h","xG.a","datetime","forecast.w","forecast.d","forecast.l"
"1","14136",TRUE,156,Eibar,EIB,152,Celta Vigo,CEL,0,0,0.344008,0.783653,"2020-09-12 14:00:00",0.1401,0.3904,0.4695
"2","14137",TRUE,155,Granada,GRA,147,Athletic Club,ATH,2,0,0.545144,0.483337,"2020-09-12 16:30:00",0.3131,0.4505,0.2364
"3","14138",TRUE,261,Cadiz,,157,Osasuna,OSA,0,2,0.600934,0.633286,"2020-09-12 19:00:00",0.2773,0.4141,0.3086
"4","14139",TRUE,158,Alaves,ALA,153,Real Betis,BET,0,1,1.17642,0.341233,"2020-09-13 12:00:00",0.7103,0.2358,0.0539
"5","14140",TRUE,231,Real Valladolid,VAL,140,Real Sociedad,SOC,1,1,0.858211,0.31178,"2020-09-13 14:00:00",0.528,0.3655,0.1065
"6","14143",TRUE,154,Villarreal,VIL,232,SD Huesca,HUE,1,1,2.01913,0.556003,"2020-09-13 16:30:00",0.7705,0.1695,0.06
"7","14144",TRUE,146,Valencia,VAL,151,Levante,LEV,4,2,1.72531,2.37179,"2020-09-13 19:00:00",0.2184,0.2503,0.5313
"8","14146",TRUE,154,Villarreal,VIL,156,Eibar,EIB,2,1,2.99286,1.112,"2020-09-19 14:00:00",0.8148,0.1211,0.0641
"9","14145",TRUE,142,Getafe,GET,157,Osasuna,OSA,1,0,0.702715,0.486466,"2020-09-19 16:30:00",0.3749,0.4122,0.2129
"10","14147",TRUE,152,Celta Vigo,CEL,146,Valencia,VAL,2,1,2.33534,0.456643,"2020-09-19 19:00:00",0.8596,0.1099,0.0305
"11","14150",FALSE,138,Sevilla,SEV,207,Elche,ELC,NA,NA,NA,NA,"2020-09-20 13:00:00",NA,NA,NA
"12","14148",TRUE,232,SD Huesca,HUE,261,Cadiz,,0,2,0.223846,1.50522,"2020-09-20 14:00:00",0.015,0.1315,0.8535
"13","14151",TRUE,155,Granada,GRA,158,Alaves,ALA,2,1,2.45453,0.77021,"2020-09-20 16:30:00",0.8369,0.1311,0.032
"14","14153",TRUE,153,Real Betis,BET,231,Real Valladolid,VAL,2,0,1.76775,0.290702,"2020-09-20 16:30:00",0.8146,0.1526,0.0328
"15","14152",TRUE,140,Real Sociedad,SOC,150,Real Madrid,RMA,0,0,0.718119,0.769069,"2020-09-20 19:00:00",0.2986,0.3657,0.3357
"16","14154",TRUE,158,Alaves,ALA,142,Getafe,GET,0,0,0.867165,1.31111,"2020-09-26 11:00:00",0.2251,0.294,0.4809
"17","14161",TRUE,146,Valencia,VAL,232,SD Huesca,HUE,1,1,0.306092,1.10618,"2020-09-26 14:00:00",0.0917,0.3287,0.5796
"18","14163",TRUE,207,Elche,ELC,140,Real Sociedad,SOC,0,3,1.23661,3.3738,"2020-09-26 16:30:00",0.037,0.1157,0.8473
"19","14157",TRUE,153,Real Betis,BET,150,Real Madrid,RMA,2,3,1.41465,3.86499,"2020-09-26 19:00:00",0.0374,0.0812,0.8814
"20","14160",TRUE,157,Osasuna,OSA,151,Levante,LEV,1,3,0.724471,2.99435,"2020-09-27 10:00:00",0.0188,0.075,0.9062
"21","14158",TRUE,156,Eibar,EIB,147,Athletic Club,ATH,1,2,0.325316,0.505645,"2020-09-27 12:00:00",0.1807,0.5075,0.3118
"22","14155",TRUE,143,Atletico Madrid,ATL,155,Granada,GRA,6,1,3.60448,1.30515,"2020-09-27 14:00:00",0.8702,0.093,0.0368
"23","14162",TRUE,231,Real Valladolid,VAL,152,Celta Vigo,CEL,1,1,1.52483,1.08307,"2020-09-27 16:30:00",0.4733,0.3098,0.2169
"24","14156",TRUE,148,Barcelona,BAR,154,Villarreal,VIL,4,0,3.50735,0.244835,"2020-09-27 19:00:00",0.9746,0.0217,0.0037
"25","14159",TRUE,261,Cadiz,,138,Sevilla,SEV,1,3,1.0983,2.2102,"2020-09-27 19:00:00",0.141,0.214,0.645
"26","14170",TRUE,140,Real Sociedad,SOC,146,Valencia,VAL,0,1,0.589249,0.836796,"2020-09-29 17:00:00",0.2132,0.3729,0.4139
"27","14167",TRUE,142,Getafe,GET,153,Real Betis,BET,3,0,0.908069,0.442837,"2020-09-29 19:30:00",0.4845,0.3573,0.1582
"28","14168",TRUE,232,SD Huesca,HUE,143,Atletico Madrid,ATL,0,0,0.631932,1.79241,"2020-09-30 17:00:00",0.0949,0.2049,0.7002
"29","14172",TRUE,154,Villarreal,VIL,158,Alaves,ALA,3,1,2.65908,0.618672,"2020-09-30 17:00:00",0.9046,0.0785,0.0169
"30","14166",TRUE,156,Eibar,EIB,207,Elche,ELC,0,1,1.06052,0.378171,"2020-09-30 19:30:00",0.6092,0.3017,0.0891
"31","14169",TRUE,150,Real Madrid,RMA,231,Real Valladolid,VAL,1,0,2.64599,0.540187,"2020-09-30 19:30:00",0.891,0.0834,0.0256
"32","14164",TRUE,147,Athletic Club,ATH,261,Cadiz,,0,1,0.545027,0.263675,"2020-10-01 17:00:00",0.3502,0.5039,0.1459
"33","14171",TRUE,138,Sevilla,SEV,151,Levante,LEV,1,0,1.04729,0.375244,"2020-10-01 17:00:00",0.5345,0.3457,0.1198
"34","14165",TRUE,152,Celta Vigo,CEL,148,Barcelona,BAR,0,3,0.568201,0.931689,"2020-10-01 19:30:00",0.1884,0.3559,0.4557
"35","14823",TRUE,231,Real Valladolid,VAL,156,Eibar,EIB,1,2,1.09473,1.6913,"2020-10-03 11:00:00",0.161,0.3067,0.5323
"36","14816",TRUE,143,Atletico Madrid,ATL,154,Villarreal,VIL,0,0,0.610002,0.201508,"2020-10-03 14:00:00",0.4048,0.4952,0.1
"37","14821",TRUE,140,Real Sociedad,SOC,142,Getafe,GET,3,0,2.19684,0.315862,"2020-10-03 16:30:00",0.8819,0.0968,0.0213
"38","14824",TRUE,207,Elche,ELC,232,SD Huesca,HUE,0,0,0.188885,1.70374,"2020-10-03 16:30:00",0.0251,0.1627,0.8122
"39","14822",TRUE,146,Valencia,VAL,153,Real Betis,BET,0,2,0.475219,1.87508,"2020-10-03 19:00:00",0.0536,0.1863,0.7601
"40","14820",TRUE,157,Osasuna,OSA,152,Celta Vigo,CEL,2,0,1.12188,0.360866,"2020-10-04 10:00:00",0.6017,0.3005,0.0978
"41","14815",TRUE,158,Alaves,ALA,147,Athletic Club,ATH,1,0,0.520642,0.487749,"2020-10-04 12:00:00",0.2885,0.4537,0.2578
"42","14819",TRUE,151,Levante,LEV,150,Real Madrid,RMA,0,2,0.577329,1.87714,"2020-10-04 14:00:00",0.0783,0.1829,0.7388
"43","14818",TRUE,261,Cadiz,,155,Granada,GRA,1,1,1.09095,0.820558,"2020-10-04 16:30:00",0.4235,0.329,0.2475
"44","14817",TRUE,148,Barcelona,BAR,138,Sevilla,SEV,1,1,1.05717,1.25522,"2020-10-04 19:00:00",0.2852,0.3073,0.4075
"45","14831",TRUE,155,Granada,GRA,138,Sevilla,SEV,1,0,1.08721,0.699011,"2020-10-17 11:00:00",0.4552,0.3442,0.2006
"46","14828",TRUE,152,Celta Vigo,CEL,143,Atletico Madrid,ATL,0,2,1.89737,1.51399,"2020-10-17 14:00:00",0.464,0.254,0.282
"47","14833",TRUE,150,Real Madrid,RMA,261,Cadiz,,0,1,1.1359,1.768,"2020-10-17 16:30:00",0.214,0.2566,0.5294
"48","14830",TRUE,142,Getafe,GET,148,Barcelona,BAR,1,0,1.70992,0.62541,"2020-10-17 19:00:00",0.6928,0.218,0.0892
"49","14829",TRUE,156,Eibar,EIB,157,Osasuna,OSA,0,0,0.371361,1.2646,"2020-10-18 10:00:00",0.0898,0.2619,0.6483
"50","14826",TRUE,147,Athletic Club,ATH,151,Levante,LEV,2,0,2.07013,0.281482,"2020-10-18 12:00:00",0.8762,0.1041,0.0197
"51","14834",TRUE,154,Villarreal,VIL,146,Valencia,VAL,2,1,1.59975,0.677588,"2020-10-18 14:00:00",0.6398,0.2406,0.1196
"52","14825",TRUE,158,Alaves,ALA,207,Elche,ELC,0,2,0.90822,0.902261,"2020-10-18 16:30:00",0.3228,0.345,0.3322
"53","14832",TRUE,232,SD Huesca,HUE,231,Real Valladolid,VAL,2,2,1.25439,0.907963,"2020-10-18 16:30:00",0.4199,0.3476,0.2325
"54","14827",TRUE,153,Real Betis,BET,140,Real Sociedad,SOC,0,3,0.304528,1.58336,"2020-10-18 19:00:00",0.0423,0.1656,0.7921
"55","14844",TRUE,207,Elche,ELC,146,Valencia,VAL,2,1,0.165573,1.23519,"2020-10-23 19:00:00",0.0327,0.2344,0.7329
"56","14836",TRUE,148,Barcelona,BAR,150,Real Madrid,RMA,1,3,1.57351,3.20848,"2020-10-24 14:00:00",0.0932,0.1504,0.7564
"57","14840",TRUE,157,Osasuna,OSA,147,Athletic Club,ATH,1,0,0.989319,0.5791,"2020-10-24 16:30:00",0.4951,0.3418,0.1631
"58","14842",TRUE,138,Sevilla,SEV,156,Eibar,EIB,0,1,1.98558,0.198368,"2020-10-24 16:30:00",0.8787,0.1074,0.0139
"59","14835",TRUE,143,Atletico Madrid,ATL,153,Real Betis,BET,2,0,1.24304,1.01541,"2020-10-24 19:00:00",0.4005,0.3109,0.2886
"60","14843",TRUE,231,Real Valladolid,VAL,158,Alaves,ALA,0,2,0.305213,2.3128,"2020-10-25 13:00:00",0.0166,0.0803,0.9031
"61","14838",TRUE,261,Cadiz,,154,Villarreal,VIL,0,0,0.20914,0.752296,"2020-10-25 15:00:00",0.0841,0.3955,0.5204
"62","14837",TRUE,142,Getafe,GET,155,Granada,GRA,0,1,1.33438,0.949811,"2020-10-25 17:30:00",0.4401,0.3505,0.2094
"63","14841",TRUE,140,Real Sociedad,SOC,232,SD Huesca,HUE,4,1,1.79773,0.591473,"2020-10-25 20:00:00",0.7155,0.2167,0.0678
"64","14839",TRUE,151,Levante,LEV,152,Celta Vigo,CEL,1,1,1.19249,0.818389,"2020-10-26 20:00:00",0.4593,0.3379,0.2028
"65","14849",TRUE,156,Eibar,EIB,261,Cadiz,,0,2,0.466935,0.932416,"2020-10-30 20:00:00",0.1551,0.3505,0.4944
"66","14852",TRUE,150,Real Madrid,RMA,232,SD Huesca,HUE,4,1,2.23898,0.79915,"2020-10-31 13:00:00",0.7432,0.1759,0.0809
"67","14846",TRUE,147,Athletic Club,ATH,138,Sevilla,SEV,2,1,1.32876,1.15091,"2020-10-31 15:00:00",0.4051,0.3096,0.2853
"68","14851",TRUE,157,Osasuna,OSA,143,Atletico Madrid,ATL,1,3,1.42768,3.06286,"2020-10-31 17:30:00",0.0669,0.1474,0.7857
"69","14845",TRUE,158,Alaves,ALA,148,Barcelona,BAR,1,1,1.11324,2.07747,"2020-10-31 20:00:00",0.1408,0.2554,0.6038
"70","14847",TRUE,153,Real Betis,BET,207,Elche,ELC,3,1,3.06462,0.478252,"2020-11-01 13:00:00",0.9311,0.0565,0.0124
"71","14848",TRUE,152,Celta Vigo,CEL,140,Real Sociedad,SOC,1,4,2.12312,2.27628,"2020-11-01 15:00:00",0.3175,0.2829,0.3996
"72","14850",TRUE,155,Granada,GRA,151,Levante,LEV,1,1,0.230886,0.813588,"2020-11-01 17:30:00",0.0926,0.4215,0.4859
"73","14853",TRUE,146,Valencia,VAL,142,Getafe,GET,2,2,1.75934,2.35774,"2020-11-01 20:00:00",0.2207,0.2447,0.5346
"74","14854",TRUE,154,Villarreal,VIL,231,Real Valladolid,VAL,2,0,1.85014,0.793913,"2020-11-02 20:00:00",0.673,0.2119,0.1151
"75","14864",TRUE,207,Elche,ELC,152,Celta Vigo,CEL,1,1,1.6055,2.15551,"2020-11-06 20:00:00",0.2441,0.2553,0.5006
"76","14858",TRUE,232,SD Huesca,HUE,156,Eibar,EIB,1,1,2.23211,0.839508,"2020-11-07 13:00:00",0.7558,0.1865,0.0577
"77","14856",TRUE,148,Barcelona,BAR,153,Real Betis,BET,5,2,4.44487,0.86991,"2020-11-07 15:15:00",0.9677,0.0246,0.0077
"78","14861",TRUE,138,Sevilla,SEV,157,Osasuna,OSA,1,0,1.151,0.499107,"2020-11-07 17:30:00",0.5862,0.2968,0.117
"79","14855",TRUE,143,Atletico Madrid,ATL,261,Cadiz,,4,0,2.62556,0.395983,"2020-11-07 20:00:00",0.8928,0.0821,0.0251
"80","14857",TRUE,142,Getafe,GET,154,Villarreal,VIL,1,3,0.55465,2.32114,"2020-11-08 13:00:00",0.0425,0.1201,0.8374
"81","14860",TRUE,140,Real Sociedad,SOC,155,Granada,GRA,2,0,3.72416,0.780649,"2020-11-08 15:15:00",0.9614,0.0345,0.0041
"82","14859",TRUE,151,Levante,LEV,158,Alaves,ALA,1,1,1.99148,1.01595,"2020-11-08 17:30:00",0.6357,0.2272,0.1371
"83","14863",TRUE,231,Real Valladolid,VAL,147,Athletic Club,ATH,2,1,2.28498,1.57936,"2020-11-08 17:30:00",0.5888,0.2463,0.1649
"84","14862",TRUE,146,Valencia,VAL,150,Real Madrid,RMA,4,1,2.34693,1.05824,"2020-11-08 20:00:00",0.749,0.1704,0.0806
"85","14872",TRUE,157,Osasuna,OSA,232,SD Huesca,HUE,1,1,0.878778,0.807899,"2020-11-20 20:00:00",0.3343,0.3479,0.3178
"86","14871",TRUE,151,Levante,LEV,207,Elche,ELC,1,1,0.902091,0.832435,"2020-11-21 13:00:00",0.3407,0.3533,0.306
"87","14874",TRUE,154,Villarreal,VIL,150,Real Madrid,RMA,1,1,1.72712,0.652049,"2020-11-21 15:15:00",0.6742,0.237,0.0888
"88","14873",TRUE,138,Sevilla,SEV,152,Celta Vigo,CEL,4,2,2.22603,2.08172,"2020-11-21 17:30:00",0.4022,0.2559,0.3419
"89","14867",TRUE,143,Atletico Madrid,ATL,148,Barcelona,BAR,1,0,0.812108,1.29964,"2020-11-21 20:00:00",0.2109,0.2976,0.4915
"90","14868",TRUE,156,Eibar,EIB,142,Getafe,GET,0,0,1.45225,0.352628,"2020-11-22 13:00:00",0.7142,0.2194,0.0664
"91","14869",TRUE,261,Cadiz,,140,Real Sociedad,SOC,0,1,0.0824748,1.90588,"2020-11-22 15:15:00",0.0077,0.1112,0.8811
"92","14870",TRUE,155,Granada,GRA,231,Real Valladolid,VAL,1,3,1.40253,1.45546,"2020-11-22 17:30:00",0.3436,0.2968,0.3596
"93","14865",TRUE,158,Alaves,ALA,146,Valencia,VAL,2,2,1.82668,1.79824,"2020-11-22 20:00:00",0.3744,0.2759,0.3497
"94","14866",TRUE,147,Athletic Club,ATH,153,Real Betis,BET,4,0,2.75202,0.385631,"2020-11-23 20:00:00",0.944,0.0475,0.0085
"95","14883",TRUE,231,Real Valladolid,VAL,151,Levante,LEV,1,1,1.25969,1.11009,"2020-11-27 20:00:00",0.3679,0.3378,0.2943
"96","14884",TRUE,207,Elche,ELC,261,Cadiz,,1,1,0.0867292,0.678171,"2020-11-28 13:00:00",0.0377,0.4501,0.5122
"97","14882",TRUE,146,Valencia,VAL,143,Atletico Madrid,ATL,0,1,0.181436,1.10533,"2020-11-28 15:15:00",0.0533,0.3188,0.6279
"98","14879",TRUE,232,SD Huesca,HUE,138,Sevilla,SEV,0,1,0.167609,1.69981,"2020-11-28 17:30:00",0.0208,0.1421,0.8371
"99","14880",TRUE,150,Real Madrid,RMA,158,Alaves,ALA,1,2,1.66068,2.35024,"2020-11-28 20:00:00",0.2152,0.242,0.5428
"100","14875",TRUE,148,Barcelona,BAR,157,Osasuna,OSA,4,0,3.91416,1.56118,"2020-11-29 13:00:00",0.8746,0.0889,0.0365
"101","14878",TRUE,142,Getafe,GET,147,Athletic Club,ATH,1,1,0.536725,0.277502,"2020-11-29 15:15:00",0.3335,0.513,0.1535
"102","14877",TRUE,152,Celta Vigo,CEL,155,Granada,GRA,3,1,4.64116,1.49416,"2020-11-29 17:30:00",0.9431,0.0427,0.0142
"103","14881",TRUE,140,Real Sociedad,SOC,154,Villarreal,VIL,1,1,1.91705,1.10165,"2020-11-29 20:00:00",0.6008,0.2668,0.1324
"104","14876",TRUE,153,Real Betis,BET,156,Eibar,EIB,0,2,0.51761,3.24869,"2020-11-30 20:00:00",0.0062,0.0392,0.9546
"105","14892",TRUE,147,Athletic Club,ATH,152,Celta Vigo,CEL,0,2,0.454057,1.20044,"2020-12-04 20:00:00",0.1088,0.2743,0.6169
"106","14887",TRUE,151,Levante,LEV,142,Getafe,GET,3,0,2.56696,0.49433,"2020-12-05 13:00:00",0.8681,0.0987,0.0332
"107","14889",TRUE,138,Sevilla,SEV,150,Real Madrid,RMA,0,1,0.533909,1.69653,"2020-12-05 15:15:00",0.0684,0.1923,0.7393
"108","14893",TRUE,143,Atletico Madrid,ATL,231,Real Valladolid,VAL,2,0,1.2755,0.440427,"2020-12-05 17:30:00",0.5942,0.2862,0.1196
"109","14885",TRUE,261,Cadiz,,148,Barcelona,BAR,2,1,2.61118,1.71026,"2020-12-05 20:00:00",0.6259,0.2045,0.1696
"110","14886",TRUE,155,Granada,GRA,232,SD Huesca,HUE,3,3,1.82994,1.68663,"2020-12-06 13:00:00",0.4109,0.2465,0.3426
"111","14888",TRUE,157,Osasuna,OSA,153,Real Betis,BET,0,2,0.366687,1.52162,"2020-12-06 15:15:00",0.0553,0.2026,0.7421
"112","14890",TRUE,154,Villarreal,VIL,207,Elche,ELC,0,0,0.520422,0.0544723,"2020-12-06 17:30:00",0.3921,0.5765,0.0314
"113","14891",TRUE,158,Alaves,ALA,140,Real Sociedad,SOC,0,0,0.249462,1.39953,"2020-12-06 20:00:00",0.0419,0.2115,0.7466
"114","14894",TRUE,156,Eibar,EIB,146,Valencia,VAL,0,0,1.09317,0.648196,"2020-12-07 20:00:00",0.4626,0.317,0.2204
"115","14896",TRUE,231,Real Valladolid,VAL,157,Osasuna,OSA,3,2,1.87748,1.33403,"2020-12-11 20:00:00",0.5138,0.253,0.2332
"116","14895",TRUE,146,Valencia,VAL,147,Athletic Club,ATH,2,2,2.17259,1.73307,"2020-12-12 13:00:00",0.4706,0.2843,0.2451
"117","14901",TRUE,142,Getafe,GET,138,Sevilla,SEV,0,1,0.374252,0.507527,"2020-12-12 15:15:00",0.2033,0.5008,0.2959
"118","14902",TRUE,232,SD Huesca,HUE,158,Alaves,ALA,1,0,0.380766,0.171439,"2020-12-12 17:30:00",0.2743,0.61,0.1157
"119","14903",TRUE,150,Real Madrid,RMA,143,Atletico Madrid,ATL,2,0,0.6517,0.784775,"2020-12-12 20:00:00",0.2526,0.3694,0.378
"120","14904",TRUE,140,Real Sociedad,SOC,156,Eibar,EIB,1,1,1.33912,1.55401,"2020-12-13 13:00:00",0.2901,0.2944,0.4155
"121","14899",TRUE,153,Real Betis,BET,154,Villarreal,VIL,1,1,0.475008,1.10577,"2020-12-13 15:15:00",0.1364,0.3178,0.5458
"122","14897",TRUE,207,Elche,ELC,155,Granada,GRA,0,1,0.534289,1.40539,"2020-12-13 17:30:00",0.1189,0.2605,0.6206
"123","14898",TRUE,148,Barcelona,BAR,151,Levante,LEV,1,0,2.62077,0.97888,"2020-12-13 20:00:00",0.7777,0.1608,0.0615
"124","14900",TRUE,152,Celta Vigo,CEL,261,Cadiz,,4,0,1.51712,0.906249,"2020-12-14 20:00:00",0.5452,0.2792,0.1756
"125","14906",TRUE,150,Real Madrid,RMA,147,Athletic Club,ATH,3,1,2.58032,0.728304,"2020-12-15 21:00:00",0.8239,0.1209,0.0552
"126","14905",TRUE,148,Barcelona,BAR,140,Real Sociedad,SOC,2,1,2.58133,1.82452,"2020-12-16 20:00:00",0.5659,0.2471,0.187
"127","14907",TRUE,147,Athletic Club,ATH,232,SD Huesca,HUE,2,0,1.51945,0.182818,"2020-12-18 20:00:00",0.8245,0.1533,0.0222
"128","14908",TRUE,143,Atletico Madrid,ATL,207,Elche,ELC,3,1,2.10005,0.522281,"2020-12-19 13:00:00",0.8218,0.1452,0.033
"129","14909",TRUE,148,Barcelona,BAR,146,Valencia,VAL,2,2,3.2847,1.97181,"2020-12-19 15:15:00",0.6908,0.1777,0.1315
"130","14914",TRUE,151,Levante,LEV,140,Real Sociedad,SOC,2,1,1.52776,2.1027,"2020-12-19 17:30:00",0.2393,0.253,0.5077
"131","14915",TRUE,157,Osasuna,OSA,154,Villarreal,VIL,1,3,0.925068,2.79417,"2020-12-19 17:30:00",0.038,0.1265,0.8355
"132","14916",TRUE,138,Sevilla,SEV,231,Real Valladolid,VAL,1,1,1.73966,0.878614,"2020-12-19 20:00:00",0.6102,0.2531,0.1367
"133","14910",TRUE,152,Celta Vigo,CEL,158,Alaves,ALA,2,0,1.62567,0.404844,"2020-12-20 13:00:00",0.7262,0.2071,0.0667
"134","14913",TRUE,155,Granada,GRA,153,Real Betis,BET,2,0,1.38241,1.04957,"2020-12-20 15:15:00",0.4497,0.3121,0.2382
"135","14912",TRUE,261,Cadiz,,142,Getafe,GET,0,2,0.356498,1.10435,"2020-12-20 17:30:00",0.0696,0.2773,0.6531
"136","14911",TRUE,156,Eibar,EIB,150,Real Madrid,RMA,1,3,0.642099,2.35916,"2020-12-20 20:00:00",0.0546,0.1386,0.8068
"137","14922",TRUE,207,Elche,ELC,157,Osasuna,OSA,2,2,1.25398,1.69506,"2020-12-22 16:30:00",0.2545,0.2745,0.471
"138","14925",TRUE,146,Valencia,VAL,138,Sevilla,SEV,0,1,0.559111,1.85011,"2020-12-22 16:30:00",0.0643,0.1793,0.7564
"139","14920",TRUE,232,SD Huesca,HUE,151,Levante,LEV,1,1,1.36969,0.581363,"2020-12-22 18:45:00",0.6128,0.2696,0.1176
"140","14926",TRUE,140,Real Sociedad,SOC,143,Atletico Madrid,ATL,0,2,0.230082,0.546595,"2020-12-22 18:45:00",0.1227,0.5088,0.3685
"141","14923",TRUE,154,Villarreal,VIL,147,Athletic Club,ATH,1,1,1.32193,0.910796,"2020-12-22 21:00:00",0.4619,0.2917,0.2464
"142","14924",TRUE,231,Real Valladolid,VAL,148,Barcelona,BAR,0,3,0.499141,3.23865,"2020-12-22 21:00:00",0.0195,0.0633,0.9172
"143","14919",TRUE,142,Getafe,GET,152,Celta Vigo,CEL,1,1,0.265652,0.767168,"2020-12-23 16:30:00",0.0797,0.3472,0.5731
"144","14921",TRUE,150,Real Madrid,RMA,155,Granada,GRA,2,0,2.04414,0.79963,"2020-12-23 18:45:00",0.6966,0.2003,0.1031
"145","14917",TRUE,158,Alaves,ALA,156,Eibar,EIB,2,1,1.88686,0.786669,"2020-12-23 21:00:00",0.672,0.2144,0.1136
"146","14918",TRUE,153,Real Betis,BET,261,Cadiz,,1,0,0.342496,0.282205,"2020-12-23 21:00:00",0.2332,0.5767,0.1901
"147","14928",TRUE,148,Barcelona,BAR,156,Eibar,EIB,1,1,2.05695,0.592271,"2020-12-29 18:00:00",0.7671,0.1717,0.0612
"148","14935",TRUE,138,Sevilla,SEV,154,Villarreal,VIL,2,0,2.7317,0.346419,"2020-12-29 18:00:00",0.9446,0.0473,0.0081
"149","14930",TRUE,151,Levante,LEV,153,Real Betis,BET,4,3,1.67536,2.63943,"2020-12-29 20:30:00",0.1628,0.217,0.6202
"150","14932",TRUE,261,Cadiz,,231,Real Valladolid,VAL,0,0,0.786846,0.299749,"2020-12-29 20:30:00",0.4695,0.409,0.1215
"151","14931",TRUE,155,Granada,GRA,146,Valencia,VAL,2,1,2.23615,1.27314,"2020-12-30 16:00:00",0.6112,0.2132,0.1756
"152","14929",TRUE,143,Atletico Madrid,ATL,142,Getafe,GET,1,0,0.919165,0.941238,"2020-12-30 18:15:00",0.3198,0.3354,0.3448
"153","14933",TRUE,152,Celta Vigo,CEL,232,SD Huesca,HUE,2,1,2.85208,1.0513,"2020-12-30 18:15:00",0.7814,0.1405,0.0781
"154","14934",TRUE,207,Elche,ELC,150,Real Madrid,RMA,1,1,1.02416,1.55495,"2020-12-30 20:30:00",0.1899,0.3097,0.5004
"155","14927",TRUE,147,Athletic Club,ATH,140,Real Sociedad,SOC,0,1,0.172341,1.84296,"2020-12-31 13:00:00",0.0131,0.1059,0.881
"156","14936",TRUE,157,Osasuna,OSA,158,Alaves,ALA,1,1,0.318257,1.35028,"2020-12-31 15:15:00",0.0586,0.23,0.7114
"157","14946",TRUE,154,Villarreal,VIL,151,Levante,LEV,2,1,1.72781,0.554357,"2021-01-02 13:00:00",0.7193,0.1947,0.086
"158","14939",TRUE,153,Real Betis,BET,138,Sevilla,SEV,1,1,2.03775,0.248156,"2021-01-02 15:15:00",0.9049,0.0807,0.0144
"159","14941",TRUE,142,Getafe,GET,231,Real Valladolid,VAL,0,1,0.768671,1.16924,"2021-01-02 17:30:00",0.2083,0.3216,0.4701
"160","14943",TRUE,150,Real Madrid,RMA,152,Celta Vigo,CEL,2,0,1.24672,0.564784,"2021-01-02 20:00:00",0.5599,0.2993,0.1408
"161","14938",TRUE,147,Athletic Club,ATH,207,Elche,ELC,1,0,1.38777,0.137448,"2021-01-03 13:00:00",0.7632,0.2107,0.0261
"162","14937",TRUE,158,Alaves,ALA,143,Atletico Madrid,ATL,1,2,0.154899,2.31899,"2021-01-03 15:15:00",0.0028,0.0363,0.9609
"163","14940",TRUE,156,Eibar,EIB,155,Granada,GRA,2,0,1.84192,0.917602,"2021-01-03 17:30:00",0.6394,0.2439,0.1167
"164","14944",TRUE,140,Real Sociedad,SOC,157,Osasuna,OSA,1,1,0.78536,0.609915,"2021-01-03 17:30:00",0.3758,0.4058,0.2184
"165","14942",TRUE,232,SD Huesca,HUE,148,Barcelona,BAR,0,1,0.259005,3.21201,"2021-01-03 20:00:00",0.0052,0.0332,0.9616
"166","14945",TRUE,146,Valencia,VAL,261,Cadiz,,1,1,0.942061,0.522228,"2021-01-04 20:00:00",0.4648,0.3557,0.1795
"167","14947",TRUE,147,Athletic Club,ATH,148,Barcelona,BAR,2,3,0.638117,1.39939,"2021-01-06 20:00:00",0.1559,0.2724,0.5717
"168","14949",TRUE,152,Celta Vigo,CEL,154,Villarreal,VIL,0,4,0.363035,2.88163,"2021-01-08 20:00:00",0.0134,0.0566,0.93
"169","14955",TRUE,138,Sevilla,SEV,140,Real Sociedad,SOC,3,2,2.9243,1.05731,"2021-01-09 13:00:00",0.8046,0.1291,0.0663
"170","14948",FALSE,143,Atletico Madrid,ATL,147,Athletic Club,ATH,NA,NA,NA,NA,"2021-01-09 13:15:00",NA,NA,NA
"171","14951",TRUE,155,Granada,GRA,148,Barcelona,BAR,0,4,0.490441,1.64578,"2021-01-09 17:30:00",0.0886,0.2276,0.6838
"172","14954",TRUE,157,Osasuna,OSA,150,Real Madrid,RMA,0,0,0.589148,0.42235,"2021-01-09 20:00:00",0.3411,0.449,0.2099
"173","14953",TRUE,151,Levante,LEV,156,Eibar,EIB,2,1,0.857988,1.34206,"2021-01-10 13:00:00",0.2067,0.3062,0.4871
"174","14950",TRUE,261,Cadiz,,158,Alaves,ALA,3,1,2.59473,0.829834,"2021-01-10 15:15:00",0.8523,0.1235,0.0242
"175","14956",TRUE,231,Real Valladolid,VAL,146,Valencia,VAL,0,1,0.562807,1.09369,"2021-01-10 20:00:00",0.1764,0.3216,0.502
"176","14957",TRUE,207,Elche,ELC,142,Getafe,GET,1,3,1.21278,3.17089,"2021-01-11 18:00:00",0.0472,0.1124,0.8404
"177","14952",TRUE,232,SD Huesca,HUE,153,Real Betis,BET,0,2,1.15245,2.98435,"2021-01-11 20:00:00",0.0641,0.1332,0.8027
"178","14958",TRUE,155,Granada,GRA,157,Osasuna,OSA,2,0,0.831007,0.624174,"2021-01-12 18:00:00",0.3873,0.3761,0.2366
"179","14959",TRUE,143,Atletico Madrid,ATL,138,Sevilla,SEV,2,0,0.577443,1.19957,"2021-01-12 20:30:00",0.146,0.3119,0.5421
"180","14964",TRUE,261,Cadiz,,151,Levante,LEV,2,2,0.725743,2.00702,"2021-01-19 18:00:00",0.0661,0.1926,0.7413
"181","14966",TRUE,231,Real Valladolid,VAL,207,Elche,ELC,2,2,1.02082,0.575886,"2021-01-19 18:00:00",0.4713,0.3408,0.1879
"182","14960",TRUE,158,Alaves,ALA,138,Sevilla,SEV,1,2,1.40643,1.03209,"2021-01-19 20:30:00",0.4253,0.3763,0.1984
"183","14963",TRUE,142,Getafe,GET,232,SD Huesca,HUE,1,0,0.656624,0.712964,"2021-01-20 18:00:00",0.2915,0.382,0.3265
"184","14961",TRUE,153,Real Betis,BET,152,Celta Vigo,CEL,2,1,0.646493,0.966752,"2021-01-20 20:00:00",0.2214,0.3544,0.4242
"185","14967",TRUE,154,Villarreal,VIL,155,Granada,GRA,2,2,2.15885,0.135256,"2021-01-20 20:30:00",0.9392,0.0555,0.0053
"186","14965",TRUE,146,Valencia,VAL,157,Osasuna,OSA,1,1,0.439791,1.63527,"2021-01-21 18:00:00",0.0673,0.1947,0.738
"187","14962",TRUE,156,Eibar,EIB,143,Atletico Madrid,ATL,1,2,1.27041,1.23064,"2021-01-21 20:30:00",0.3248,0.369,0.3062
"188","14976",TRUE,151,Levante,LEV,231,Real Valladolid,VAL,2,2,1.04736,0.631096,"2021-01-22 20:00:00",0.4562,0.3412,0.2026
"189","14975",TRUE,232,SD Huesca,HUE,154,Villarreal,VIL,0,0,0.177253,0.484831,"2021-01-23 13:00:00",0.0978,0.5459,0.3563
"190","14971",TRUE,138,Sevilla,SEV,261,Cadiz,,3,0,2.51675,1.16695,"2021-01-23 15:15:00",0.7082,0.1794,0.1124
"191","14970",TRUE,140,Real Sociedad,SOC,153,Real Betis,BET,2,2,2.24597,0.638534,"2021-01-23 17:30:00",0.7965,0.1526,0.0509
"192","14968",TRUE,158,Alaves,ALA,150,Real Madrid,RMA,1,4,0.762571,1.42254,"2021-01-23 20:00:00",0.1605,0.2786,0.5609
"193","14977",TRUE,157,Osasuna,OSA,155,Granada,GRA,3,1,1.88102,0.592689,"2021-01-24 13:00:00",0.7385,0.1901,0.0714
"194","14972",TRUE,207,Elche,ELC,148,Barcelona,BAR,0,2,0.477298,3.12144,"2021-01-24 15:15:00",0.0043,0.0348,0.9609
"195","14974",TRUE,152,Celta Vigo,CEL,156,Eibar,EIB,1,1,1.53045,0.591142,"2021-01-24 17:30:00",0.6461,0.2445,0.1094
"196","14973",TRUE,143,Atletico Madrid,ATL,146,Valencia,VAL,3,1,2.05311,0.250249,"2021-01-24 20:00:00",0.8531,0.122,0.0249
"197","14969",TRUE,147,Athletic Club,ATH,142,Getafe,GET,5,1,1.87633,1.29166,"2021-01-25 20:00:00",0.5129,0.2803,0.2068
"198","14986",TRUE,231,Real Valladolid,VAL,232,SD Huesca,HUE,1,3,1.74924,1.18337,"2021-01-29 20:00:00",0.5073,0.2667,0.226
"199","14980",TRUE,156,Eibar,EIB,138,Sevilla,SEV,0,2,1.02238,1.66557,"2021-01-30 13:00:00",0.1693,0.2603,0.5704
"200","14984",TRUE,150,Real Madrid,RMA,151,Levante,LEV,1,2,1.23555,1.82881,"2021-01-30 15:15:00",0.2125,0.2762,0.5113
"201","14985",TRUE,146,Valencia,VAL,207,Elche,ELC,1,0,3.00838,0.328905,"2021-01-30 17:30:00",0.9587,0.0334,0.0079
"202","14987",TRUE,154,Villarreal,VIL,140,Real Sociedad,SOC,1,1,0.232475,1.16681,"2021-01-30 20:00:00",0.0574,0.2548,0.6878
"203","14981",TRUE,142,Getafe,GET,158,Alaves,ALA,0,0,0.530765,0.20139,"2021-01-31 13:00:00",0.3841,0.5104,0.1055
"204","14982",TRUE,261,Cadiz,,143,Atletico Madrid,ATL,2,4,0.861261,1.79542,"2021-01-31 15:15:00",0.131,0.2295,0.6395
"205","14983",TRUE,155,Granada,GRA,152,Celta Vigo,CEL,0,0,0.3242,0.339262,"2021-01-31 17:30:00",0.204,0.5738,0.2222
"206","14978",TRUE,148,Barcelona,BAR,147,Athletic Club,ATH,2,1,2.53148,0.275356,"2021-01-31 20:00:00",0.9168,0.0697,0.0135
"207","14979",TRUE,153,Real Betis,BET,157,Osasuna,OSA,1,0,1.9333,1.38521,"2021-02-01 20:00:00",0.522,0.2448,0.2332
"208","14988",TRUE,158,Alaves,ALA,231,Real Valladolid,VAL,1,0,1.60639,0.0534012,"2021-02-05 20:00:00",0.8269,0.164,0.0091
"209","14993",TRUE,151,Levante,LEV,155,Granada,GRA,2,2,1.52404,1.26925,"2021-02-06 13:00:00",0.4178,0.2857,0.2965
"210","14992",TRUE,232,SD Huesca,HUE,150,Real Madrid,RMA,1,2,0.920971,3.53921,"2021-02-06 15:15:00",0.017,0.0531,0.9299
"211","14997",TRUE,207,Elche,ELC,154,Villarreal,VIL,2,2,1.13518,1.51126,"2021-02-06 17:30:00",0.2281,0.312,0.4599
"212","14996",TRUE,138,Sevilla,SEV,142,Getafe,GET,3,0,2.03342,0.209522,"2021-02-06 20:00:00",0.8852,0.0998,0.015
"213","14995",TRUE,140,Real Sociedad,SOC,261,Cadiz,,4,1,4.7946,0.354151,"2021-02-07 13:00:00",0.998,0.002,0
"214","14989",TRUE,147,Athletic Club,ATH,146,Valencia,VAL,1,1,1.34704,0.841344,"2021-02-07 15:15:00",0.5029,0.2816,0.2155
"215","14994",TRUE,157,Osasuna,OSA,156,Eibar,EIB,2,1,2.62128,1.07628,"2021-02-07 17:30:00",0.7685,0.1623,0.0692
"216","14991",TRUE,153,Real Betis,BET,148,Barcelona,BAR,2,3,1.87521,1.33284,"2021-02-07 20:00:00",0.5206,0.2527,0.2267
"217","14990",TRUE,143,Atletico Madrid,ATL,152,Celta Vigo,CEL,2,2,1.22973,1.71926,"2021-02-08 20:00:00",0.1701,0.3263,0.5036
"218","14142",TRUE,150,Real Madrid,RMA,142,Getafe,GET,2,0,1.86359,0.0930356,"2021-02-09 20:00:00",0.872,0.1182,0.0098
"219","14999",TRUE,152,Celta Vigo,CEL,207,Elche,ELC,3,1,2.31967,0.836576,"2021-02-12 17:30:00",0.7675,0.1666,0.0659
"220","15003",TRUE,155,Granada,GRA,143,Atletico Madrid,ATL,1,2,0.827088,0.929672,"2021-02-13 13:00:00",0.2988,0.3565,0.3447
"221","15006",TRUE,138,Sevilla,SEV,232,SD Huesca,HUE,1,0,1.329,1.39522,"2021-02-13 15:15:00",0.3029,0.3177,0.3794
"222","15000",TRUE,156,Eibar,EIB,231,Real Valladolid,VAL,1,1,1.92231,0.968574,"2021-02-13 17:30:00",0.6276,0.2505,0.1219
"223","14998",TRUE,148,Barcelona,BAR,158,Alaves,ALA,5,1,2.86032,0.710997,"2021-02-13 20:00:00",0.8764,0.0927,0.0309
"224","15001",TRUE,142,Getafe,GET,140,Real Sociedad,SOC,0,1,0.263007,1.03317,"2021-02-14 13:00:00",0.0255,0.2286,0.7459
"225","15005",TRUE,150,Real Madrid,RMA,146,Valencia,VAL,2,0,0.862855,0.0596554,"2021-02-14 15:15:00",0.5606,0.414,0.0254
"226","15004",TRUE,151,Levante,LEV,157,Osasuna,OSA,0,1,1.73006,0.685142,"2021-02-14 17:30:00",0.6941,0.2105,0.0954
"227","15007",TRUE,154,Villarreal,VIL,153,Real Betis,BET,1,2,1.17957,1.35008,"2021-02-14 20:00:00",0.2991,0.3257,0.3752
"228","15002",TRUE,261,Cadiz,,147,Athletic Club,ATH,0,4,0.567254,2.36113,"2021-02-15 20:00:00",0.0479,0.1295,0.8226
"229","14149",TRUE,151,Levante,LEV,143,Atletico Madrid,ATL,1,1,0.642423,1.16962,"2021-02-17 18:00:00",0.1754,0.3179,0.5067
"230","15011",TRUE,153,Real Betis,BET,142,Getafe,GET,1,0,2.67474,0.277079,"2021-02-19 20:00:00",0.9591,0.0362,0.0047
"231","15017",TRUE,207,Elche,ELC,156,Eibar,EIB,1,0,0.397175,1.66898,"2021-02-20 13:00:00",0.061,0.1979,0.7411
"232","15009",TRUE,143,Atletico Madrid,ATL,151,Levante,LEV,0,2,2.06148,0.767582,"2021-02-20 15:15:00",0.6962,0.1998,0.104
"233","15015",TRUE,146,Valencia,VAL,152,Celta Vigo,CEL,2,0,1.16675,0.689216,"2021-02-20 17:30:00",0.4852,0.3358,0.179
"234","15016",TRUE,231,Real Valladolid,VAL,150,Real Madrid,RMA,0,1,0.909714,1.30987,"2021-02-20 20:00:00",0.2143,0.3184,0.4673
"235","15010",TRUE,148,Barcelona,BAR,261,Cadiz,,1,1,2.39005,1.32905,"2021-02-21 13:00:00",0.6477,0.2328,0.1195
"236","15014",TRUE,140,Real Sociedad,SOC,158,Alaves,ALA,4,0,2.50353,0.307378,"2021-02-21 15:15:00",0.9149,0.0707,0.0144
"237","15012",TRUE,232,SD Huesca,HUE,155,Granada,GRA,3,2,2.47156,0.854609,"2021-02-21 17:30:00",0.8169,0.1394,0.0437
"238","15008",TRUE,147,Athletic Club,ATH,154,Villarreal,VIL,1,1,2.32222,0.0679965,"2021-02-21 20:00:00",0.9342,0.062,0.0038
"239","15013",TRUE,157,Osasuna,OSA,138,Sevilla,SEV,0,2,0.457508,1.05344,"2021-02-22 20:00:00",0.1473,0.3351,0.5176
"240","14141",TRUE,148,Barcelona,BAR,207,Elche,ELC,3,0,2.66084,0.351113,"2021-02-24 20:00:00",0.9219,0.0642,0.0139
"241","15024",TRUE,151,Levante,LEV,147,Athletic Club,ATH,1,1,1.05928,1.99686,"2021-02-26 20:00:00",0.1114,0.2469,0.6417
"242","15020",TRUE,156,Eibar,EIB,232,SD Huesca,HUE,1,1,1.79661,0.480747,"2021-02-27 13:00:00",0.739,0.2006,0.0604
"243","15026",TRUE,138,Sevilla,SEV,148,Barcelona,BAR,0,2,0.117061,1.58696,"2021-02-27 15:15:00",0.0096,0.1134,0.877
"244","15018",TRUE,158,Alaves,ALA,157,Osasuna,OSA,0,1,0.483459,0.994243,"2021-02-27 17:30:00",0.1053,0.372,0.5227
"245","15021",TRUE,142,Getafe,GET,146,Valencia,VAL,3,0,0.895893,0.173822,"2021-02-27 20:00:00",0.5413,0.3893,0.0694
"246","15019",FALSE,152,Celta Vigo,CEL,231,Real Valladolid,VAL,NA,NA,NA,NA,"2021-02-28 13:00:00",NA,NA,NA
"247","15025",FALSE,150,Real Madrid,RMA,140,Real Sociedad,SOC,NA,NA,NA,NA,"2021-02-28 14:00:00",NA,NA,NA
"248","15022",FALSE,261,Cadiz,,153,Real Betis,BET,NA,NA,NA,NA,"2021-02-28 15:15:00",NA,NA,NA
"249","15023",FALSE,155,Granada,GRA,207,Elche,ELC,NA,NA,NA,NA,"2021-02-28 17:30:00",NA,NA,NA
"250","15027",FALSE,154,Villarreal,VIL,143,Atletico Madrid,ATL,NA,NA,NA,NA,"2021-02-28 20:00:00",NA,NA,NA
"251","15028",FALSE,147,Athletic Club,ATH,155,Granada,GRA,NA,NA,NA,NA,"2021-03-06 19:00:00",NA,NA,NA
"252","15029",FALSE,143,Atletico Madrid,ATL,150,Real Madrid,RMA,NA,NA,NA,NA,"2021-03-06 19:00:00",NA,NA,NA
"253","15030",FALSE,153,Real Betis,BET,158,Alaves,ALA,NA,NA,NA,NA,"2021-03-06 19:00:00",NA,NA,NA
"254","15031",FALSE,261,Cadiz,,156,Eibar,EIB,NA,NA,NA,NA,"2021-03-06 19:00:00",NA,NA,NA
"255","15032",FALSE,232,SD Huesca,HUE,152,Celta Vigo,CEL,NA,NA,NA,NA,"2021-03-06 19:00:00",NA,NA,NA
"256","15033",FALSE,157,Osasuna,OSA,148,Barcelona,BAR,NA,NA,NA,NA,"2021-03-06 19:00:00",NA,NA,NA
"257","15034",FALSE,140,Real Sociedad,SOC,151,Levante,LEV,NA,NA,NA,NA,"2021-03-06 19:00:00",NA,NA,NA
"258","15035",FALSE,146,Valencia,VAL,154,Villarreal,VIL,NA,NA,NA,NA,"2021-03-06 19:00:00",NA,NA,NA
"259","15036",FALSE,231,Real Valladolid,VAL,142,Getafe,GET,NA,NA,NA,NA,"2021-03-06 19:00:00",NA,NA,NA
"260","15037",FALSE,207,Elche,ELC,138,Sevilla,SEV,NA,NA,NA,NA,"2021-03-06 19:00:00",NA,NA,NA
"261","15038",FALSE,158,Alaves,ALA,261,Cadiz,,NA,NA,NA,NA,"2021-03-13 19:00:00",NA,NA,NA
"262","15039",FALSE,148,Barcelona,BAR,232,SD Huesca,HUE,NA,NA,NA,NA,"2021-03-13 19:00:00",NA,NA,NA
"263","15040",FALSE,152,Celta Vigo,CEL,147,Athletic Club,ATH,NA,NA,NA,NA,"2021-03-13 19:00:00",NA,NA,NA
"264","15041",FALSE,156,Eibar,EIB,154,Villarreal,VIL,NA,NA,NA,NA,"2021-03-13 19:00:00",NA,NA,NA
"265","15042",FALSE,142,Getafe,GET,143,Atletico Madrid,ATL,NA,NA,NA,NA,"2021-03-13 19:00:00",NA,NA,NA
"266","15043",FALSE,155,Granada,GRA,140,Real Sociedad,SOC,NA,NA,NA,NA,"2021-03-13 19:00:00",NA,NA,NA
"267","15044",FALSE,151,Levante,LEV,146,Valencia,VAL,NA,NA,NA,NA,"2021-03-13 19:00:00",NA,NA,NA
"268","15045",FALSE,157,Osasuna,OSA,231,Real Valladolid,VAL,NA,NA,NA,NA,"2021-03-13 19:00:00",NA,NA,NA
"269","15046",FALSE,150,Real Madrid,RMA,207,Elche,ELC,NA,NA,NA,NA,"2021-03-13 19:00:00",NA,NA,NA
"270","15047",FALSE,138,Sevilla,SEV,153,Real Betis,BET,NA,NA,NA,NA,"2021-03-13 19:00:00",NA,NA,NA
"271","15048",FALSE,147,Athletic Club,ATH,156,Eibar,EIB,NA,NA,NA,NA,"2021-03-20 19:00:00",NA,NA,NA
"272","15049",FALSE,143,Atletico Madrid,ATL,158,Alaves,ALA,NA,NA,NA,NA,"2021-03-20 19:00:00",NA,NA,NA
"273","15050",FALSE,153,Real Betis,BET,151,Levante,LEV,NA,NA,NA,NA,"2021-03-20 19:00:00",NA,NA,NA
"274","15051",FALSE,152,Celta Vigo,CEL,150,Real Madrid,RMA,NA,NA,NA,NA,"2021-03-20 19:00:00",NA,NA,NA
"275","15052",FALSE,142,Getafe,GET,207,Elche,ELC,NA,NA,NA,NA,"2021-03-20 19:00:00",NA,NA,NA
"276","15053",FALSE,232,SD Huesca,HUE,157,Osasuna,OSA,NA,NA,NA,NA,"2021-03-20 19:00:00",NA,NA,NA
"277","15054",FALSE,140,Real Sociedad,SOC,148,Barcelona,BAR,NA,NA,NA,NA,"2021-03-20 19:00:00",NA,NA,NA
"278","15055",FALSE,146,Valencia,VAL,155,Granada,GRA,NA,NA,NA,NA,"2021-03-20 19:00:00",NA,NA,NA
"279","15056",FALSE,231,Real Valladolid,VAL,138,Sevilla,SEV,NA,NA,NA,NA,"2021-03-20 19:00:00",NA,NA,NA
"280","15057",FALSE,154,Villarreal,VIL,261,Cadiz,,NA,NA,NA,NA,"2021-03-20 19:00:00",NA,NA,NA
"281","15058",FALSE,158,Alaves,ALA,152,Celta Vigo,CEL,NA,NA,NA,NA,"2021-04-03 19:00:00",NA,NA,NA
"282","15059",FALSE,148,Barcelona,BAR,231,Real Valladolid,VAL,NA,NA,NA,NA,"2021-04-03 19:00:00",NA,NA,NA
"283","15060",FALSE,261,Cadiz,,146,Valencia,VAL,NA,NA,NA,NA,"2021-04-03 19:00:00",NA,NA,NA
"284","15061",FALSE,155,Granada,GRA,154,Villarreal,VIL,NA,NA,NA,NA,"2021-04-03 19:00:00",NA,NA,NA
"285","15062",FALSE,151,Levante,LEV,232,SD Huesca,HUE,NA,NA,NA,NA,"2021-04-03 19:00:00",NA,NA,NA
"286","15063",FALSE,157,Osasuna,OSA,142,Getafe,GET,NA,NA,NA,NA,"2021-04-03 19:00:00",NA,NA,NA
"287","15064",FALSE,150,Real Madrid,RMA,156,Eibar,EIB,NA,NA,NA,NA,"2021-04-03 19:00:00",NA,NA,NA
"288","15065",FALSE,140,Real Sociedad,SOC,147,Athletic Club,ATH,NA,NA,NA,NA,"2021-04-03 19:00:00",NA,NA,NA
"289","15066",FALSE,138,Sevilla,SEV,143,Atletico Madrid,ATL,NA,NA,NA,NA,"2021-04-03 19:00:00",NA,NA,NA
"290","15067",FALSE,207,Elche,ELC,153,Real Betis,BET,NA,NA,NA,NA,"2021-04-03 19:00:00",NA,NA,NA
"291","15068",FALSE,147,Athletic Club,ATH,158,Alaves,ALA,NA,NA,NA,NA,"2021-04-10 19:00:00",NA,NA,NA
"292","15069",FALSE,153,Real Betis,BET,143,Atletico Madrid,ATL,NA,NA,NA,NA,"2021-04-10 19:00:00",NA,NA,NA
"293","15070",FALSE,152,Celta Vigo,CEL,138,Sevilla,SEV,NA,NA,NA,NA,"2021-04-10 19:00:00",NA,NA,NA
"294","15071",FALSE,156,Eibar,EIB,151,Levante,LEV,NA,NA,NA,NA,"2021-04-10 19:00:00",NA,NA,NA
"295","15072",FALSE,142,Getafe,GET,261,Cadiz,,NA,NA,NA,NA,"2021-04-10 19:00:00",NA,NA,NA
"296","15073",FALSE,232,SD Huesca,HUE,207,Elche,ELC,NA,NA,NA,NA,"2021-04-10 19:00:00",NA,NA,NA
"297","15074",FALSE,150,Real Madrid,RMA,148,Barcelona,BAR,NA,NA,NA,NA,"2021-04-10 19:00:00",NA,NA,NA
"298","15075",FALSE,146,Valencia,VAL,140,Real Sociedad,SOC,NA,NA,NA,NA,"2021-04-10 19:00:00",NA,NA,NA
"299","15076",FALSE,231,Real Valladolid,VAL,155,Granada,GRA,NA,NA,NA,NA,"2021-04-10 19:00:00",NA,NA,NA
"300","15077",FALSE,154,Villarreal,VIL,157,Osasuna,OSA,NA,NA,NA,NA,"2021-04-10 19:00:00",NA,NA,NA
"301","15078",FALSE,158,Alaves,ALA,154,Villarreal,VIL,NA,NA,NA,NA,"2021-04-20 23:00:00",NA,NA,NA
"302","15079",FALSE,143,Atletico Madrid,ATL,232,SD Huesca,HUE,NA,NA,NA,NA,"2021-04-20 23:00:00",NA,NA,NA
"303","15080",FALSE,148,Barcelona,BAR,142,Getafe,GET,NA,NA,NA,NA,"2021-04-20 23:00:00",NA,NA,NA
"304","15081",FALSE,153,Real Betis,BET,147,Athletic Club,ATH,NA,NA,NA,NA,"2021-04-20 23:00:00",NA,NA,NA
"305","15082",FALSE,261,Cadiz,,150,Real Madrid,RMA,NA,NA,NA,NA,"2021-04-20 23:00:00",NA,NA,NA
"306","15083",FALSE,155,Granada,GRA,156,Eibar,EIB,NA,NA,NA,NA,"2021-04-20 23:00:00",NA,NA,NA
"307","15084",FALSE,151,Levante,LEV,138,Sevilla,SEV,NA,NA,NA,NA,"2021-04-20 23:00:00",NA,NA,NA
"308","15085",FALSE,157,Osasuna,OSA,146,Valencia,VAL,NA,NA,NA,NA,"2021-04-20 23:00:00",NA,NA,NA
"309","15086",FALSE,140,Real Sociedad,SOC,152,Celta Vigo,CEL,NA,NA,NA,NA,"2021-04-20 23:00:00",NA,NA,NA
"310","15087",FALSE,207,Elche,ELC,231,Real Valladolid,VAL,NA,NA,NA,NA,"2021-04-20 23:00:00",NA,NA,NA
"311","15088",FALSE,147,Athletic Club,ATH,143,Atletico Madrid,ATL,NA,NA,NA,NA,"2021-04-24 19:00:00",NA,NA,NA
"312","15089",FALSE,152,Celta Vigo,CEL,157,Osasuna,OSA,NA,NA,NA,NA,"2021-04-24 19:00:00",NA,NA,NA
"313","15090",FALSE,156,Eibar,EIB,140,Real Sociedad,SOC,NA,NA,NA,NA,"2021-04-24 19:00:00",NA,NA,NA
"314","15091",FALSE,232,SD Huesca,HUE,142,Getafe,GET,NA,NA,NA,NA,"2021-04-24 19:00:00",NA,NA,NA
"315","15092",FALSE,150,Real Madrid,RMA,153,Real Betis,BET,NA,NA,NA,NA,"2021-04-24 19:00:00",NA,NA,NA
"316","15093",FALSE,138,Sevilla,SEV,155,Granada,GRA,NA,NA,NA,NA,"2021-04-24 19:00:00",NA,NA,NA
"317","15094",FALSE,146,Valencia,VAL,158,Alaves,ALA,NA,NA,NA,NA,"2021-04-24 19:00:00",NA,NA,NA
"318","15095",FALSE,231,Real Valladolid,VAL,261,Cadiz,,NA,NA,NA,NA,"2021-04-24 19:00:00",NA,NA,NA
"319","15096",FALSE,154,Villarreal,VIL,148,Barcelona,BAR,NA,NA,NA,NA,"2021-04-24 19:00:00",NA,NA,NA
"320","15097",FALSE,207,Elche,ELC,151,Levante,LEV,NA,NA,NA,NA,"2021-04-24 19:00:00",NA,NA,NA
"321","15098",FALSE,158,Alaves,ALA,232,SD Huesca,HUE,NA,NA,NA,NA,"2021-04-27 23:00:00",NA,NA,NA
"322","15099",FALSE,147,Athletic Club,ATH,231,Real Valladolid,VAL,NA,NA,NA,NA,"2021-04-27 23:00:00",NA,NA,NA
"323","15100",FALSE,143,Atletico Madrid,ATL,156,Eibar,EIB,NA,NA,NA,NA,"2021-04-27 23:00:00",NA,NA,NA
"324","15101",FALSE,148,Barcelona,BAR,155,Granada,GRA,NA,NA,NA,NA,"2021-04-27 23:00:00",NA,NA,NA
"325","15102",FALSE,153,Real Betis,BET,146,Valencia,VAL,NA,NA,NA,NA,"2021-04-27 23:00:00",NA,NA,NA
"326","15103",FALSE,142,Getafe,GET,150,Real Madrid,RMA,NA,NA,NA,NA,"2021-04-27 23:00:00",NA,NA,NA
"327","15104",FALSE,261,Cadiz,,152,Celta Vigo,CEL,NA,NA,NA,NA,"2021-04-27 23:00:00",NA,NA,NA
"328","15105",FALSE,151,Levante,LEV,154,Villarreal,VIL,NA,NA,NA,NA,"2021-04-27 23:00:00",NA,NA,NA
"329","15106",FALSE,157,Osasuna,OSA,207,Elche,ELC,NA,NA,NA,NA,"2021-04-27 23:00:00",NA,NA,NA
"330","15107",FALSE,140,Real Sociedad,SOC,138,Sevilla,SEV,NA,NA,NA,NA,"2021-04-27 23:00:00",NA,NA,NA
"331","15108",FALSE,138,Sevilla,SEV,147,Athletic Club,ATH,NA,NA,NA,NA,"2021-05-01 19:00:00",NA,NA,NA
"332","15109",FALSE,146,Valencia,VAL,148,Barcelona,BAR,NA,NA,NA,NA,"2021-05-01 19:00:00",NA,NA,NA
"333","15110",FALSE,231,Real Valladolid,VAL,153,Real Betis,BET,NA,NA,NA,NA,"2021-05-01 19:00:00",NA,NA,NA
"334","15111",FALSE,154,Villarreal,VIL,142,Getafe,GET,NA,NA,NA,NA,"2021-05-01 19:00:00",NA,NA,NA
"335","15112",FALSE,207,Elche,ELC,143,Atletico Madrid,ATL,NA,NA,NA,NA,"2021-05-01 19:00:00",NA,NA,NA
"336","15113",FALSE,152,Celta Vigo,CEL,151,Levante,LEV,NA,NA,NA,NA,"2021-05-01 19:00:00",NA,NA,NA
"337","15114",FALSE,156,Eibar,EIB,158,Alaves,ALA,NA,NA,NA,NA,"2021-05-01 19:00:00",NA,NA,NA
"338","15115",FALSE,155,Granada,GRA,261,Cadiz,,NA,NA,NA,NA,"2021-05-01 19:00:00",NA,NA,NA
"339","15116",FALSE,232,SD Huesca,HUE,140,Real Sociedad,SOC,NA,NA,NA,NA,"2021-05-01 19:00:00",NA,NA,NA
"340","15117",FALSE,150,Real Madrid,RMA,157,Osasuna,OSA,NA,NA,NA,NA,"2021-05-01 19:00:00",NA,NA,NA
"341","15118",FALSE,158,Alaves,ALA,151,Levante,LEV,NA,NA,NA,NA,"2021-05-08 19:00:00",NA,NA,NA
"342","15119",FALSE,147,Athletic Club,ATH,157,Osasuna,OSA,NA,NA,NA,NA,"2021-05-08 19:00:00",NA,NA,NA
"343","15120",FALSE,148,Barcelona,BAR,143,Atletico Madrid,ATL,NA,NA,NA,NA,"2021-05-08 19:00:00",NA,NA,NA
"344","15121",FALSE,153,Real Betis,BET,155,Granada,GRA,NA,NA,NA,NA,"2021-05-08 19:00:00",NA,NA,NA
"345","15122",FALSE,142,Getafe,GET,156,Eibar,EIB,NA,NA,NA,NA,"2021-05-08 19:00:00",NA,NA,NA
"346","15123",FALSE,261,Cadiz,,232,SD Huesca,HUE,NA,NA,NA,NA,"2021-05-08 19:00:00",NA,NA,NA
"347","15124",FALSE,150,Real Madrid,RMA,138,Sevilla,SEV,NA,NA,NA,NA,"2021-05-08 19:00:00",NA,NA,NA
"348","15125",FALSE,140,Real Sociedad,SOC,207,Elche,ELC,NA,NA,NA,NA,"2021-05-08 19:00:00",NA,NA,NA
"349","15126",FALSE,146,Valencia,VAL,231,Real Valladolid,VAL,NA,NA,NA,NA,"2021-05-08 19:00:00",NA,NA,NA
"350","15127",FALSE,154,Villarreal,VIL,152,Celta Vigo,CEL,NA,NA,NA,NA,"2021-05-08 19:00:00",NA,NA,NA
"351","15128",FALSE,143,Atletico Madrid,ATL,140,Real Sociedad,SOC,NA,NA,NA,NA,"2021-05-11 23:00:00",NA,NA,NA
"352","15129",FALSE,152,Celta Vigo,CEL,142,Getafe,GET,NA,NA,NA,NA,"2021-05-11 23:00:00",NA,NA,NA
"353","15130",FALSE,156,Eibar,EIB,153,Real Betis,BET,NA,NA,NA,NA,"2021-05-11 23:00:00",NA,NA,NA
"354","15131",FALSE,155,Granada,GRA,150,Real Madrid,RMA,NA,NA,NA,NA,"2021-05-11 23:00:00",NA,NA,NA
"355","15132",FALSE,232,SD Huesca,HUE,147,Athletic Club,ATH,NA,NA,NA,NA,"2021-05-11 23:00:00",NA,NA,NA
"356","15133",FALSE,151,Levante,LEV,148,Barcelona,BAR,NA,NA,NA,NA,"2021-05-11 23:00:00",NA,NA,NA
"357","15134",FALSE,157,Osasuna,OSA,261,Cadiz,,NA,NA,NA,NA,"2021-05-11 23:00:00",NA,NA,NA
"358","15135",FALSE,138,Sevilla,SEV,146,Valencia,VAL,NA,NA,NA,NA,"2021-05-11 23:00:00",NA,NA,NA
"359","15136",FALSE,231,Real Valladolid,VAL,154,Villarreal,VIL,NA,NA,NA,NA,"2021-05-11 23:00:00",NA,NA,NA
"360","15137",FALSE,207,Elche,ELC,158,Alaves,ALA,NA,NA,NA,NA,"2021-05-11 23:00:00",NA,NA,NA
"361","15138",FALSE,158,Alaves,ALA,155,Granada,GRA,NA,NA,NA,NA,"2021-05-15 19:00:00",NA,NA,NA
"362","15139",FALSE,147,Athletic Club,ATH,150,Real Madrid,RMA,NA,NA,NA,NA,"2021-05-15 19:00:00",NA,NA,NA
"363","15140",FALSE,143,Atletico Madrid,ATL,157,Osasuna,OSA,NA,NA,NA,NA,"2021-05-15 19:00:00",NA,NA,NA
"364","15141",FALSE,148,Barcelona,BAR,152,Celta Vigo,CEL,NA,NA,NA,NA,"2021-05-15 19:00:00",NA,NA,NA
"365","15142",FALSE,153,Real Betis,BET,232,SD Huesca,HUE,NA,NA,NA,NA,"2021-05-15 19:00:00",NA,NA,NA
"366","15143",FALSE,142,Getafe,GET,151,Levante,LEV,NA,NA,NA,NA,"2021-05-15 19:00:00",NA,NA,NA
"367","15144",FALSE,261,Cadiz,,207,Elche,ELC,NA,NA,NA,NA,"2021-05-15 19:00:00",NA,NA,NA
"368","15145",FALSE,140,Real Sociedad,SOC,231,Real Valladolid,VAL,NA,NA,NA,NA,"2021-05-15 19:00:00",NA,NA,NA
"369","15146",FALSE,146,Valencia,VAL,156,Eibar,EIB,NA,NA,NA,NA,"2021-05-15 19:00:00",NA,NA,NA
"370","15147",FALSE,154,Villarreal,VIL,138,Sevilla,SEV,NA,NA,NA,NA,"2021-05-15 19:00:00",NA,NA,NA
"371","15148",FALSE,152,Celta Vigo,CEL,153,Real Betis,BET,NA,NA,NA,NA,"2021-05-22 19:00:00",NA,NA,NA
"372","15149",FALSE,156,Eibar,EIB,148,Barcelona,BAR,NA,NA,NA,NA,"2021-05-22 19:00:00",NA,NA,NA
"373","15150",FALSE,155,Granada,GRA,142,Getafe,GET,NA,NA,NA,NA,"2021-05-22 19:00:00",NA,NA,NA
"374","15151",FALSE,232,SD Huesca,HUE,146,Valencia,VAL,NA,NA,NA,NA,"2021-05-22 19:00:00",NA,NA,NA
"375","15152",FALSE,151,Levante,LEV,261,Cadiz,,NA,NA,NA,NA,"2021-05-22 19:00:00",NA,NA,NA
"376","15153",FALSE,157,Osasuna,OSA,140,Real Sociedad,SOC,NA,NA,NA,NA,"2021-05-22 19:00:00",NA,NA,NA
"377","15154",FALSE,150,Real Madrid,RMA,154,Villarreal,VIL,NA,NA,NA,NA,"2021-05-22 19:00:00",NA,NA,NA
"378","15155",FALSE,138,Sevilla,SEV,158,Alaves,ALA,NA,NA,NA,NA,"2021-05-22 19:00:00",NA,NA,NA
"379","15156",FALSE,231,Real Valladolid,VAL,143,Atletico Madrid,ATL,NA,NA,NA,NA,"2021-05-22 19:00:00",NA,NA,NA
"380","15157",FALSE,207,Elche,ELC,147,Athletic Club,ATH,NA,NA,NA,NA,"2021-05-22 19:00:00",NA,NA,NA
